title,artist(s),release,num_of_streams,bpm,key,mode,danceability,valence,energy,acousticness,instrumentalness,liveness,speechiness
Blinding Lights,The Weeknd,2019,3703895074,171,C-sharp,Major,50,38,80,0,0,9,7
Shape of You,Ed Sheeran,2017,3562543890,96,C-sharp,Minor,83,93,65,58,0,9,8
Someone You Loved,Lewis Capaldi,2018,2887241814,110,C-sharp,Major,50,45,41,75,0,11,3
Dance Monkey,Tones and I,2019,2864791672,98,F-sharp,Minor,82,54,59,69,0,18,10
Sunflower - Spider-Man: Into the Spider-Verse,Post Malone . Swae Lee,2018,2808096550,90,D,Major,76,91,50,54,0,7,5
One Dance,Drake . WizKid . Kyla,2016,2713922350,104,C-sharp,Major,77,36,63,1,0,36,5
STAY (with Justin Bieber),Justin Bieber . The Kid Laroi,2021,2665343922,170,C-sharp,Major,59,48,76,4,0,10,5
Believer,Imagine Dragons,2017,2594040133,125,A-sharp,Minor,77,74,78,4,0,23,11
Closer,The Chainsmokers . Halsey,2016,2591224264,95,G-sharp,Major,75,64,52,41,0,11,3
Starboy,The Weeknd . Daft Punk,2016,2565529693,186,G,Major,68,49,59,16,0,13,28
Perfect,Ed Sheeran,2017,2559529074,95,G-sharp,Major,60,17,45,16,0,11,2
Heat Waves,Glass Animals,2020,2557975762,81,B,Major,76,53,53,44,0,9,9
As It Was,Harry Styles,2022,2513188493,174,F-sharp,Minor,52,66,73,34,0,31,6
Say You Won't Let Go,James Arthur,2016,2420461338,99,A-sharp,Major,40,45,56,69,0,9,5
lovely - Bonus Track,Billie Eilish . Khalid,2017,2355719893,115,E,Minor,35,12,30,93,0,10,3
Watermelon Sugar,Harry Styles,2019,2322580122,95,unknown,Major,55,56,82,12,0,34,5
Don't Start Now,Dua Lipa,2019,2303033973,124,B,Minor,79,68,79,1,0,10,8
Lucid Dreams,Juice WRLD,2017,2288695111,84,B,Minor,44,22,48,38,0,33,24
Sweater Weather,The Neighbourhood,2012,2282771485,124,A-sharp,Major,61,41,81,5,2,10,3
Thinking Out Loud,Ed Sheeran,2014,2280566092,79,D,Major,78,58,45,47,0,18,3
Photograph,Ed Sheeran,2014,2236667932,108,E,Major,61,20,38,61,0,10,5
Something Just Like This,The Chainsmokers . Coldplay,2017,2204080728,103,B,Minor,61,47,65,3,0,17,4
Bohemian Rhapsody - Remastered 2011,Queen,1975,2197010679,71,unknown,Minor,41,23,40,27,0,30,5
Shallow,Lady Gaga . Bradley Cooper,2018,2159346687,96,G,Major,57,30,40,38,0,26,3
Take Me To Church,Hozier,2013,2135158446,129,E,Minor,57,41,66,63,0,12,5
Circles,Post Malone,2019,2132335812,120,unknown,Major,70,59,75,24,0,9,4
Love Yourself,Justin Bieber,2015,2123309722,100,E,Major,61,53,38,84,0,28,44
All of Me,John Legend,2013,2086124197,120,G-sharp,Major,42,33,26,92,0,13,3
Counting Stars,OneRepublic,2013,2011464183,122,C-sharp,Minor,66,48,71,6,0,12,4
Riptide,Vance Joy,1975,2009094673,102,C-sharp,Major,48,50,73,43,0,15,4
Wake Me Up - Radio Edit,Avicii,2013,1970673297,124,D,Major,53,66,78,0,0,16,5
Can't Hold Us (feat. Ray Dalton),Ray Dalton . Ryan Lewis . Macklemore,2011,1953533826,146,D,Major,63,88,93,3,0,10,8
The Hills,The Weeknd,2015,1947371785,136,unknown,Minor,36,12,57,9,0,14,8
HUMBLE.,Kendrick Lamar,2017,1929770265,150,C-sharp,Minor,91,42,60,0,0,9,12
One Kiss (with Dua Lipa),Calvin Harris . Dua Lipa,2017,1897517891,124,A,Minor,79,59,86,4,0,8,11
good 4 u,Olivia Rodrigo,2021,1887039593,166,F-sharp,Minor,56,68,66,28,0,11,18
drivers license,Olivia Rodrigo,2021,1858144199,144,A-sharp,Major,59,21,43,76,0,10,7
Demons,Imagine Dragons,2012,1840364617,180,D-sharp,Major,33,38,71,20,0,28,5
Lose Yourself - Soundtrack Version,Eminem,2002,1829992958,171,D,Major,70,6,73,1,0,36,26
INDUSTRY BABY (feat. Jack Harlow),Jack Harlow . Lil Nas X,2021,1814349763,150,D-sharp,Minor,74,89,70,2,0,5,6
Another Love,Tom Odell,2012,1813673666,123,E,Minor,45,13,54,70,0,9,4
Mr. Brightside,The Killers,2003,1806617704,148,C-sharp,Major,35,24,93,0,0,10,8
Levitating (feat. DaBaby),Dua Lipa . DaBaby,2020,1802514301,103,F-sharp,Minor,70,92,83,1,0,7,6
No Role Modelz,J. Cole,2014,1791000570,100,A-sharp,Minor,70,47,52,30,0,6,33
Do I Wanna Know?,Arctic Monkeys,2013,1788326445,85,F,Major,55,42,53,17,0,22,3
Dakiti,Bad Bunny . Jhay Cortez,2020,1763363713,110,E,Minor,73,14,57,40,0,11,5
Memories,Maroon 5,2019,1759567999,91,B,Major,77,60,32,84,0,8,5
Yellow,Chris Molitor,1999,1755214421,173,B,Major,43,28,66,0,0,23,3
MONTERO (Call Me By Your Name),Lil Nas X,2020,1735441776,179,G-sharp,Minor,61,76,51,30,0,38,15
There's Nothing Holdin' Me Back,Shawn Mendes,2016,1714490998,122,D,Major,86,97,80,36,0,9,6
Mood (feat. Iann Dior),24kgoldn . Iann Dior,2020,1699402402,91,G,Minor,70,76,72,22,0,27,4
'Till I Collapse,Eminem . Nate Dogg,2002,1695712020,171,C-sharp,Major,55,10,85,7,0,8,20
Dynamite,BTS,2020,1692897992,114,F-sharp,Minor,75,74,77,1,0,9,10
Smells Like Teen Spirit - Remastered 2021,Nirvana,1991,1690192927,117,C-sharp,Major,52,73,91,0,0,11,7
Without Me,Eminem,2002,1687664027,112,G,Major,92,67,66,0,0,36,9
When I Was Your Man,Bruno Mars,2012,1661187319,145,unknown,Major,60,43,27,94,0,14,4
Die For You,The Weeknd,2016,1647990401,134,C-sharp,Minor,59,51,52,9,0,15,7
Just The Way You Are,Bruno Mars,2010,1641426668,109,F,Major,63,46,85,1,0,9,5
In The End,Linkin Park,2000,1624165576,105,D-sharp,Minor,55,40,90,1,0,32,6
The Scientist,Coldplay,2002,1608164312,146,F,Major,56,21,44,73,0,11,2
Before You Go,Lewis Capaldi,2019,1608045237,112,D-sharp,Major,45,19,60,63,0,9,6
I'm Not The Only One,Sam Smith,2014,1606986953,82,F,Major,68,50,49,56,0,8,4
Cold Heart - PNAU Remix,Dua Lipa . Elton John . Pnau,2017,1605224506,116,C-sharp,Major,80,92,80,4,0,10,3
Every Breath You Take - Remastered 2003,The Police,1983,1593270737,117,C-sharp,Major,82,73,45,54,0,7,3
Viva La Vida,Coldplay,2008,1592909789,138,F,Minor,49,42,62,9,0,11,3
Save Your Tears,The Weeknd,2020,1591223784,118,unknown,Major,68,61,82,2,0,50,3
Kiss Me More (feat. SZA),SZA . Doja Cat,2021,1575467011,111,G-sharp,Major,77,74,66,30,0,13,3
Bad Habits,Ed Sheeran,2020,1555511105,126,B,Minor,81,59,90,5,0,36,3
Sweet Child O' Mine,Guns N' Roses,1987,1553497987,125,F-sharp,Major,45,67,90,9,11,10,5
Locked Out Of Heaven,Bruno Mars,2012,1481349984,144,F,Major,73,87,70,6,0,28,5
Payphone,Maroon 5 . Wiz Khalifa,2012,1479264469,110,E,Major,74,51,74,2,0,29,4
Take On Me,a-ha,1984,1479115056,84,F-sharp,Minor,57,86,90,2,0,9,5
Rolling in the Deep,Adele,2010,1472799873,105,G-sharp,Major,73,52,76,13,0,5,3
Somebody That I Used To Know,Gotye . Kimbra,2011,1457139296,129,unknown,Major,86,75,52,54,0,10,4
The Nights,Avicii,2014,1456081449,126,F-sharp,Major,53,66,85,2,0,24,4
Call Out My Name,The Weeknd,2018,1449799467,134,C-sharp,Major,45,17,60,21,0,33,4
All I Want for Christmas Is You,Mariah Carey,1994,1449779435,150,G,Major,34,33,63,16,0,7,4
Peaches (feat. Daniel Caesar & Giveon),Justin Bieber . Daniel Caesar . Giveon,2021,1445941661,90,unknown,Major,63,49,68,38,0,42,18
Me Porto Bonito,Chencho Corleone . Bad Bunny,2022,1440757818,92,C-sharp,Minor,91,43,71,9,0,9,8
Adore You,Harry Styles,2019,1439191367,99,G-sharp,Major,68,57,77,2,0,10,5
The Real Slim Shady,Eminem,2000,1424589568,104,F,Minor,95,78,66,3,0,4,6
The Night We Met,Lord Huron,2015,1410088830,174,D,Major,45,10,37,97,25,64,4
Easy On Me,Adele,2021,1406111294,142,F,Major,60,13,37,58,0,13,3
Let Me Down Slowly,Alec Benjamin,2018,1374581173,150,C-sharp,Minor,65,51,55,73,0,14,3
Numb,Linkin Park,2003,1361425037,110,A,Major,50,24,86,0,0,64,4
Gangsta's Paradise,Coolio . L.V.,1995,1357608774,80,G-sharp,Major,63,40,61,9,0,56,6
Quevedo: Bzrp Music Sessions . Vol. 52,Bizarrap . Quevedo,2022,1356565093,128,D,Major,62,55,78,1,3,23,4
Blank Space,Taylor Swift,2014,1355959075,96,F,Major,75,57,68,9,0,13,6
Woman,Doja Cat,2021,1329090101,108,F,Minor,82,88,76,9,0,12,9
Flowers,Miley Cyrus,2023,1316855716,118,unknown,Major,71,65,68,6,0,3,7
Pepas,Farruko,2021,1309887447,130,G,Major,76,44,77,1,0,13,3
Callaita,Bad Bunny . Tainy,2019,1304313953,176,D,Major,61,24,62,60,0,24,31
Shivers,Ed Sheeran,2021,1302184087,141,D,Major,79,82,86,28,0,4,9
Heather,Conan Gray,2020,1301799902,92,F,Major,47,25,43,62,0,32,3
I Wanna Be Yours,Arctic Monkeys,2013,1297026226,135,unknown,Minor,48,44,42,12,2,11,3
Iris,The Goo Goo Dolls,1998,1284942608,156,B,Minor,32,49,72,0,0,9,4
Danza Kuduro,Don Omar . Lucenzo,2010,1279434863,130,unknown,Major,47,86,92,8,0,5,24
Creep,Radiohead,1992,1271293243,92,G,Major,53,12,34,1,0,12,4
Why'd You Only Call Me When You're High?,Arctic Monkeys,2013,1267333350,92,D,Major,70,81,63,4,0,8,4
Titi Me Preguntï¿,Bad Bunny,2022,1264310836,107,F,Minor,65,19,72,10,0,13,25
Yonaguni,Bad Bunny,2021,1260594497,180,C-sharp,Major,64,44,65,28,0,14,12
deja vu,Olivia Rodrigo,2021,1256880657,181,A,Major,44,22,60,61,0,42,9
positions,Ariana Grande,2020,1252563873,144,unknown,Major,73,66,80,44,0,9,12
Mockingbird,Eminem,2004,1241559043,84,E,Minor,62,24,67,21,0,13,28
We Found Love,Rihanna . Calvin Harris,2011,1235005533,128,C-sharp,Major,73,60,77,3,0,11,4
traitor,Juan Cruz Toledo . Huilen Toledo,2021,1230855859,176,D-sharp,Major,29,12,33,68,0,12,5
Unholy (feat. Kim Petras),Sam Smith . Kim Petras,2022,1230675890,131,D,Major,71,24,47,1,0,27,9
Enemy (with JID) - from the series Arcane League of Legends,Imagine Dragons . League of Legends . JID . Arcane,2021,1223481149,77,B,Minor,72,59,76,24,0,42,28
Enemy - from the series Arcane League of Legends,Imagine Dragons . League of Legends . Arcane,2021,1223481149,77,G,Major,73,54,74,23,0,41,23
Save Your Tears (with Ariana Grande) (Remix),Ariana Grande . The Weeknd,2020,1221813483,118,unknown,Major,65,63,79,3,0,10,3
505,Arctic Monkeys,2007,1217120710,140,unknown,Major,52,20,85,0,0,7,5
La Bachata,Manuel Turizo,2022,1214083358,125,G,Minor,84,85,68,58,0,22,4
Still D.R.E.,Dr. Dre . Snoop Dogg,1999,1210599487,93,B,Major,81,53,78,18,0,6,24
Everybody Wants To Rule The World,Tears For Fears,1985,1205951614,112,G,Major,64,54,81,36,0,11,6
In Da Club,50 Cent,2002,1202722675,90,F-sharp,Minor,90,79,71,26,0,7,37
Hope,XXXTENTACION,2018,1200808494,146,A,Minor,59,23,46,66,0,15,6
Contection,GODZZ__- . Zakaria,2020,1180896317,166,A-sharp,Minor,81,83,75,14,0,29,34
you broke me first,Tate McRae,2020,1180094974,124,E,Major,64,8,37,79,0,9,5
Todo De Ti,Rauw Alejandro,2020,1168642797,128,D-sharp,Minor,81,57,63,40,1,10,4
Ghost,Justin Bieber,2021,1167330737,154,D,Major,61,41,74,21,0,40,6
Set Fire to the Rain,Adele,2011,1163620694,108,D,Minor,61,47,68,0,0,13,3
Kill Bill,SZA,2022,1163093654,89,G-sharp,Major,64,43,73,5,17,16,4
Last Christmas,Wham!,1984,1159176109,107,B,Minor,74,88,65,28,0,46,3
Have You Ever Seen The Rain?,Creedence Clearwater Revival,1968,1145727611,116,unknown,Major,74,76,70,7,0,13,3
Butter,BTS,2021,1143647827,110,G-sharp,Major,79,70,36,0,0,6,11
Astronaut In The Ocean,Masked Wolf,2019,1138474110,150,E,Minor,78,47,70,18,0,15,9
Night Changes,One Direction,2014,1131090940,120,G-sharp,Major,67,40,52,86,0,12,4
Daddy Issues,The Neighbourhood,2015,1127468248,85,A-sharp,Major,59,33,52,7,15,12,3
SLOW DANCING IN THE DARK,Joji,2018,1122364376,89,D-sharp,Major,52,28,48,54,1,19,3
Dandelions,Ruth B.,2017,1116995633,117,C-sharp,Major,61,45,69,2,0,9,3
Leave The Door Open,Bruno Mars . Anderson .Paak . Silk Sonic,2021,1115880852,148,F,Major,59,72,62,18,0,9,3
Shake It Off,Taylor Swift,2014,1113838873,160,G,Major,65,95,80,5,0,41,16
I'm Good (Blue),Bebe Rexha . David Guetta,2022,1109433169,128,G,Minor,56,38,97,4,0,35,4
Money Trees,Kendrick Lamar . Jay Rock,2012,1093605526,144,E,Minor,74,37,53,7,0,21,10
Somewhere Only We Know,Keane,2004,1089402494,172,A,Major,45,33,59,6,0,8,3
I Ain't Worried,OneRepublic,2022,1085685420,140,unknown,Major,71,82,81,11,0,6,5
Boy With Luv (feat. Halsey),Halsey . BTS,2019,1065580332,120,B,Minor,65,80,86,9,0,19,10
Talking To The Moon,Bruno Mars,2010,1062956628,146,C-sharp,Minor,52,7,61,51,0,11,3
My Universe,Coldplay . BTS,2021,1061966512,105,A,Major,58,42,68,1,0,14,4
Happier Than Ever,Billie Eilish,2021,1056760045,65,unknown,Major,31,31,24,76,0,14,4
Efecto,Bad Bunny,2022,1047480053,98,G,Minor,80,23,48,14,0,6,5
See You Again,Tyler . The Creator . Kali Uchis,2017,1047101291,79,F-sharp,Major,56,58,56,37,0,11,10
Need To Know,Doja Cat,2021,1042568408,130,C-sharp,Major,66,19,61,30,0,9,7
Running Up That Hill (A Deal With God),Kate Bush,1985,1024858327,108,A-sharp,Minor,63,20,55,72,0,6,6
Falling,Harry Styles,2019,1023187129,110,E,Major,57,6,27,84,0,9,3
Revenge,XXXTENTACION,2017,1022258230,140,B,Minor,75,18,25,78,0,11,26
Anti-Hero,Taylor Swift,2022,999748277,97,E,Major,64,51,63,12,0,19,5
Arcade,Duncan Laurence,2019,991336132,72,A,Minor,45,27,33,82,0,14,4
Glimpse of Us,Joji,2022,988515741,170,G-sharp,Major,44,27,32,89,0,14,5
Summertime Sadness,Lana Del Rey,2011,983637508,112,C-sharp,Minor,56,24,66,7,0,12,3
Where Are You Now,Lost Frequencies . Calum Scott,2021,972509632,121,F-sharp,Minor,67,26,64,52,0,17,10
I Love You So,The Walters,2014,972164968,76,A-sharp,Major,58,46,67,65,0,13,4
No Lie,Sean Paul . Dua Lipa,2016,956865266,102,G,Major,74,45,89,5,0,26,13
HEARTBREAK ANNIVERSARY,Giveon,2020,951637566,129,unknown,Major,61,59,46,56,0,13,5
Sure Thing,Miguel,2010,950906471,81,B,Minor,68,51,60,3,0,19,10
Unstoppable,Sia,2016,939844851,174,A,Major,47,27,78,11,0,10,8
Get Lucky - Radio Edit,Pharrell Williams . Nile Rodgers . Daft Punk,2013,933815613,116,F-sharp,Minor,79,87,81,4,0,10,4
Under The Influence,Chris Brown,2019,929964809,117,A,Minor,73,31,69,6,0,11,4
Wait a Minute!,Willow,2015,924193303,101,D-sharp,Minor,76,63,71,3,0,10,3
THATS WHAT I WANT,Lil Nas X,2021,920797189,88,C-sharp,Minor,74,55,85,1,0,5,22
Dark Red,Steve Lacy,2017,920045682,172,F-sharp,Major,60,77,78,45,0,12,6
Stan,Eminem . Dido,1999,918915401,80,F-sharp,Minor,78,53,74,4,0,45,21
Moscow Mule,Bad Bunny,2022,909001996,100,F,Minor,80,29,67,29,0,12,3
Infinity,Jaymes Young,2017,888046992,122,B,Minor,67,50,67,15,0,30,4
Heartless,Kanye West,2008,887906111,88,A-sharp,Minor,79,66,65,5,0,25,14
PROVENZA,Karol G,2022,885093467,111,C-sharp,Major,87,53,52,66,1,11,5
Lover,Taylor Swift,2012,882831184,206,G,Major,43,50,55,50,0,15,10
Streets,Doja Cat,2019,865640097,90,B,Major,75,19,46,21,4,34,8
Friday (feat. Mufasa & Hypeman) - Dopamine Re-Edit,Riton . Nightcrawlers . Mufasa & Hypeman . Dopamine,2021,863756573,123,D,Major,82,80,86,1,0,30,13
MONEY,Lisa,2021,863625566,140,C-sharp,Minor,83,40,55,16,0,14,23
happier,Olivia Rodrigo,2021,850608354,169,F-sharp,Major,39,36,45,81,0,8,13
Creepin',The Weeknd . 21 Savage . Metro Boomin,2022,843957510,98,C-sharp,Minor,71,17,61,36,0,8,5
The Next Episode,Dr. Dre . Snoop Dogg,1999,843309044,95,D-sharp,Minor,92,31,89,3,0,8,25
Apocalypse,Cigarettes After Sex,2017,841749534,94,F,Major,37,17,47,2,46,11,3
Dream On,Aerosmith,1973,838586769,80,F,Minor,39,24,43,39,0,23,3
Bones,Imagine Dragons,2021,838079900,114,F,Minor,77,65,72,2,0,7,5
Santa Tell Me,Ariana Grande,2013,834129063,133,G,Major,46,53,63,5,0,30,18
Good Days,SZA,2020,826623384,121,C-sharp,Minor,46,53,78,23,0,72,6
Freaks,Surf Curse,2015,824420218,180,A,Major,35,41,94,0,63,5,5
Bad Habit,Steve Lacy,2022,822633917,169,C-sharp,Major,69,69,51,63,0,38,4
Lost,Frank Ocean,2012,822239726,123,A-sharp,Minor,91,49,61,3,0,17,22
cardigan,Taylor Swift,2020,812019557,130,unknown,Minor,61,53,58,55,0,27,4
Desesperados,Chencho Corleone . Rauw Alejandro,2021,809306935,90,C-sharp,Minor,87,51,69,36,0,9,8
It's Beginning To Look A Lot Like Christmas,Michael Bublï¿,2011,807561936,93,E,Major,35,38,23,91,0,29,3
Golden,Harry Styles,2019,807015863,140,E,Minor,45,25,84,21,0,13,6
Pink + White,Frank Ocean,2016,806397070,160,A,Major,54,54,55,67,0,42,11
Cruel Summer,Taylor Swift,2019,800840817,170,A,Major,55,58,72,11,0,11,15
RAPSTAR,Polo G,2021,797402345,81,F-sharp,Major,79,44,54,41,0,13,24
Levitating,Dua Lipa,2020,797196073,103,F-sharp,Minor,69,90,88,5,0,29,8
Space Song,Beach House,2015,789753877,147,unknown,Minor,51,62,79,22,13,14,3
Style,Taylor Swift,2014,786181836,95,D,Major,60,48,79,0,0,12,4
favorite crime,Olivia Rodrigo,2021,783706581,173,A,Major,40,19,29,86,0,34,4
Bored,Billie Eilish,2017,777765388,120,G,Major,60,11,33,90,0,8,5
Lo Siento BB:/ (with Bad Bunny & Julieta Venegas),Julieta Venegas . Bad Bunny . Tainy,2021,775542072,170,E,Minor,64,14,70,9,0,9,8
Rockin' Around The Christmas Tree,Brenda Lee,1958,769213520,140,G-sharp,Major,70,85,41,71,0,45,5
La Santa,Daddy Yankee . Bad Bunny,2020,759208783,93,C-sharp,Major,74,59,87,3,0,8,5
Bam Bam (feat. Ed Sheeran),Camila Cabello . Ed Sheeran,2022,756907987,95,G-sharp,Major,76,96,70,18,0,33,4
golden hour,JVKE,2022,751134527,94,C-sharp,Minor,51,14,59,65,18,25,3
Late Night Talking,Harry Styles,2022,743693613,115,A-sharp,Major,71,90,73,30,0,11,5
Jingle Bell Rock,Bobby Helms,1957,741301563,119,D,Major,74,78,37,84,0,6,3
love nwantiti (ah ah ah),Ckay,2019,726837877,93,F,Minor,74,53,73,61,0,13,4
Until I Found You,Stephen Sanchez,2021,726434358,202,A-sharp,Major,34,25,51,69,0,18,4
SNAP,Rosa Linn,2022,726307468,170,unknown,Major,56,53,64,11,0,45,6
Ella Baila Sola,Eslabon Armado . Peso Pluma,2023,725980112,148,F,Minor,67,83,76,48,0,8,3
About Damn Time,Lizzo,2022,723894473,109,A-sharp,Minor,84,72,74,10,0,34,7
About Damn Time,Lizzo,2022,723894473,109,A-sharp,Minor,84,72,74,10,0,34,7
we fell in love in october,girl in red,2018,723043854,130,G,Major,57,24,37,11,18,16,3
Shakira: Bzrp Music Sessions . Vol. 53,Shakira . Bizarrap,2023,721975598,122,D,Minor,78,50,63,27,0,9,5
Left and Right (Feat. Jung Kook of BTS),Charlie Puth . BTS . Jung Kook,2022,720434240,101,D,Major,88,72,59,62,0,9,3
MAMIII,Karol G . Becky G,2022,716591492,94,E,Minor,84,90,70,9,0,14,8
SNAP,Rosa Linn,2022,711366595,170,unknown,Major,56,52,64,11,0,45,7
I Was Never There,The Weeknd . Gesaffelstein,2018,705469769,114,A-sharp,Major,32,17,74,14,0,17,3
Master of Puppets (Remastered),Metallica,1986,704171068,105,E,Minor,54,59,83,0,44,20,4
Bound 2,Kanye West,2013,703301727,149,C-sharp,Major,37,28,66,14,0,9,5
After Hours,The Weeknd,2020,698086140,109,F,Minor,66,16,57,10,1,12,3
First Class,Jack Harlow,2022,694525298,107,G-sharp,Major,91,32,56,3,0,11,10
Snowman,Sia,2017,690104769,105,C-sharp,Major,72,33,51,48,0,9,3
Lost in the Fire,The Weeknd . Gesaffelstein,2019,686734357,101,D,Major,66,18,68,9,0,12,4
A Tu Merced,Bad Bunny,2020,685071800,92,unknown,Major,86,89,79,17,0,11,6
Reminder,The Weeknd,2016,684675814,160,G-sharp,Major,71,40,50,16,0,16,22
Romantic Homicide,d4vd,2022,681583126,132,F-sharp,Major,56,20,55,45,1,32,3
Cool for the Summer,Demi Lovato,2015,677389855,114,F,Minor,59,30,62,1,0,8,4
Forgot About Dre,Eminem . Dr. Dre,1999,675039469,134,G-sharp,Major,93,61,74,9,0,17,8
Do It To It,Cherish . ACRAZE,2021,674772936,125,B,Minor,85,64,81,2,5,7,9
Hey Mor,Ozuna . Feid,2022,674072710,98,C-sharp,Minor,90,40,59,0,0,10,29
You Right,Doja Cat . The Weeknd,2021,672656250,129,G-sharp,Major,83,44,62,2,0,8,6
Neverita,Bad Bunny,2022,671365962,122,A-sharp,Major,88,43,50,7,0,14,5
jealousy . jealousy,Olivia Rodrigo,2021,665765558,164,A-sharp,Minor,70,71,58,24,0,7,13
It's the Most Wonderful Time of the Year,Andy Williams,1963,663832097,202,G,Major,24,76,60,77,0,12,4
Gasolina,Daddy Yankee,2004,657723613,96,unknown,Major,86,74,80,33,0,8,6
Superman,Eminem . Dina Rae,2002,655466831,130,E,Minor,80,64,76,2,0,20,6
Sunroof,Nicky Youre . Dazy,2021,652704649,131,A-sharp,Major,77,84,71,35,0,15,4
Leave Before You Love Me (with Jonas Brothers),Marshmello . Jonas Brothers,2021,651732901,120,G,Major,72,67,72,0,0,13,4
After Dark,Mr.Kitty,2014,646886885,140,G-sharp,Major,58,4,60,7,41,8,3
Here With Me,d4vd,2022,635412045,132,E,Major,58,27,48,50,0,12,3
Mistletoe,Justin Bieber,2011,629173063,162,F-sharp,Minor,67,88,54,51,0,9,4
2055,Sleepy hallow,2021,624515457,161,F-sharp,Minor,78,65,52,46,0,12,31
Sparks,Coldplay,2000,624101957,103,C-sharp,Major,37,17,27,75,5,10,3
Enchanted,Taylor Swift,2010,621660989,164,G-sharp,Major,45,24,62,8,0,16,3
TQG,Karol G . Shakira,2023,618990393,180,E,Minor,72,61,63,67,0,9,28
Jimmy Cooks (feat. 21 Savage),Drake . 21 Savage,2022,618885532,163,unknown,Major,54,40,67,0,0,9,17
Party,Bad Bunny . Rauw Alejandro,2022,614555082,97,A,Major,83,47,80,2,0,24,9
Moth To A Flame (with The Weeknd),The Weeknd . Swedish House Mafia,2021,611994237,120,unknown,Minor,56,16,67,0,0,11,4
Stargirl Interlude,The Weeknd . Lana Del Rey,2016,611700552,90,F,Minor,59,52,48,38,5,10,11
Volando - Remix,Sech . Bad Bunny . Mora,2021,610045621,154,F-sharp,Major,66,63,69,21,0,11,7
I Like You (A Happier Song) (with Doja Cat),Post Malone . Doja Cat,2022,609293408,101,F,Major,74,43,69,12,0,12,7
Permission to Dance,BTS,2021,608334048,125,A,Major,70,65,74,1,0,34,4
Tarot,Bad Bunny . Jhay Cortez,2022,608228647,114,B,Minor,80,42,68,2,0,66,4
august,Taylor Swift,2020,607123776,90,F,Major,51,42,61,53,0,9,3
Te Felicito,Shakira . Rauw Alejandro,2022,606361689,174,F,Major,70,57,64,23,0,8,32
Until I Found You (with Em Beihold) - Em Beihold Version,Em Beihold . Stephen Sanchez,2022,600976848,101,A-sharp,Major,34,32,57,78,0,20,3
Softcore,The Neighbourhood,2018,599770206,94,D,Major,57,36,58,5,0,15,3
Knife Talk (with 21 Savage ft. Project Pat),Drake . Project Pat . 21 Savage,2021,594482982,146,F,Minor,85,22,37,13,0,7,30
Fair Trade (with Travis Scott),Drake . Travis Scott,2021,593917618,168,C-sharp,Major,67,29,47,5,0,22,26
Only Love Can Hurt Like This,Paloma Faith,2014,588955257,91,G-sharp,Major,57,30,89,10,0,33,8
Yandel 150,Yandel . Feid,2022,585695368,168,F-sharp,Minor,78,58,73,5,0,10,7
All Too Well (10 Minute Version) (Taylor's Version) (From The Vault),Taylor Swift,2021,583687007,93,unknown,Major,63,21,52,28,0,9,3
Toxic,BoyWithUke,2021,582981380,180,G-sharp,Minor,59,69,61,84,0,46,36
House Of Memories,Panic! At The Disco,2016,582863434,110,B,Minor,51,48,82,0,0,5,3
California Love - Original Version (Explicit),Dr. Dre . 2Pac . Roger,1995,579395142,92,G,Major,77,76,84,3,0,38,4
Mon Amour - Remix,Aitana . zzoilo,2020,578207856,116,D,Major,75,36,76,12,0,10,10
Rich Flex,Drake . 21 Savage,2022,573633020,153,B,Minor,56,42,52,5,0,36,24
Atlantis,Seafret,2015,571386359,166,G-sharp,Minor,40,23,48,5,0,12,3
Angels Like You,Miley Cyrus,2020,570515054,122,F,Major,67,49,64,10,0,10,3
Still Don't Know My Name,Labrinth,2019,563902868,88,F,Major,31,31,63,47,27,21,12
family ties (with Kendrick Lamar),Kendrick Lamar . Baby Keem,2021,560222750,134,C-sharp,Major,71,14,61,1,0,23,33
WAIT FOR U (feat. Drake & Tems),Drake . Future . Tems,2022,556585270,83,C-sharp,Major,46,34,64,31,0,7,34
Formula,Labrinth,2019,554875730,145,B,Major,57,23,66,4,6,15,4
La Bebe - Remix,Peso Pluma . Yng Lvcas,2023,553634067,170,D,Minor,81,56,48,21,0,8,33
Pink Venom,BLACKPINK,2022,551305895,90,unknown,Major,80,71,69,2,0,27,10
Envolver,Anitta,2021,546191065,92,E,Minor,81,40,73,15,0,9,8
Es un Secreto,Plan B,2010,540654286,95,F-sharp,Minor,84,52,77,12,0,7,4
Love Nwantiti - Remix,Ckay . AX'EL . Dj Yo!,2019,540539717,120,G-sharp,Major,58,44,60,44,9,5,6
One Right Now (with The Weeknd),The Weeknd . Post Malone,2021,539595276,97,C-sharp,Major,68,72,78,4,0,7,5
La Jumpa,Arcangel . Bad Bunny,2022,538115192,123,G-sharp,Major,71,58,70,30,0,32,19
Escapism.,RAYE . 070 Shake,2022,532336353,96,D,Major,54,25,74,14,0,9,11
Meet Me At Our Spot,THE ANXIETY . Willow . Tyler Cole,2020,530511203,95,D,Major,77,40,47,2,0,9,3
AM Remix,J Balvin . Nio Garcia . Bad Bunny,2021,528544703,172,F-sharp,Minor,74,79,66,11,0,8,16
Yo Voy (feat. Daddy Yankee),Zion & Lennox,2004,527033089,95,A-sharp,Major,81,56,70,4,0,5,24
Die For You - Remix,Ariana Grande . The Weeknd,2023,518745108,67,C-sharp,Minor,53,50,53,23,0,44,7
Get Into It (Yuh),Doja Cat,2021,516784627,92,G-sharp,Minor,91,79,66,32,0,9,16
Sobrio,Maluma,2021,513643924,178,F,Major,76,63,77,14,0,15,22
Tacones Rojos,Sebastian Yatra,2021,510876816,123,B,Minor,75,93,86,8,0,14,3
Sky,Playboi Carti,2020,506778838,140,D,Major,79,56,91,26,0,13,21
un x100to,Bad Bunny . Grupo Frontera,2023,505671438,83,F-sharp,Minor,57,56,72,23,0,27,5
Made You Look,Meghan Trainor,2022,502574952,145,A-sharp,Major,84,88,53,35,0,8,7
Life Goes On,Oliver Tree,2020,501541661,80,unknown,Major,70,57,49,19,0,12,8
Light Switch,Charlie Puth,2022,500340342,184,F-sharp,Major,69,91,63,11,0,9,31
Ain't Shit,Doja Cat,2021,499710590,124,D-sharp,Major,86,62,49,51,0,35,21
Swim,Chase Atlantic,2017,498960285,120,G-sharp,Major,67,8,54,27,0,8,4
Miss You,Robin Schulz . Oliver Tree,2022,497225336,145,F-sharp,Minor,59,20,74,1,0,15,5
Cupid - Twin Ver.,Fifty Fifty,2023,496795686,120,B,Minor,78,76,59,43,0,34,3
Boyfriend,Dove Cameron,2022,496311364,180,G,Minor,35,23,61,23,0,19,6
Way 2 Sexy (with Future & Young Thug),Drake . Future . Young Thug,2021,489945871,136,B,Minor,80,33,60,0,0,32,14
Lavender Haze,Taylor Swift,2022,488386797,97,A-sharp,Major,73,10,44,26,0,16,8
Underneath the Tree,Kelly Clarkson,2013,485285717,160,G-sharp,Major,51,69,81,0,0,21,5
Doja,Central Cee,2022,482257456,140,F-sharp,Major,91,97,57,38,0,40,29
Shut Down,BLACKPINK,2022,482175240,110,unknown,Major,82,67,69,0,0,18,4
Do They Know It's Christmas? - 1984 Version,Band Aid,1984,481697415,115,unknown,Major,60,23,57,0,2,27,3
Sex . Drugs . Etc.,Beach Weather,2016,480507035,144,E,Minor,57,47,84,1,1,52,4
La Corriente,Tony Dize . Bad Bunny,2022,479655659,196,B,Minor,66,58,79,23,0,22,20
LA INOCENTE,Feid . Mora,2022,477033549,92,F,Minor,76,46,79,31,0,7,6
Holly Jolly Christmas,Michael Bublï¿,2011,476244795,151,G,Major,65,70,47,87,0,9,4
Let It Snow! Let It Snow! Let It Snow!,Frank Sinatra . B. Swanson Quartet,1950,473248298,143,D,Major,60,86,32,88,0,34,6
LOKERA,Brray . Rauw Alejandro . Lyanno,2022,471819764,102,B,Minor,83,58,83,21,0,10,5
Mount Everest,Labrinth,2019,467727006,89,unknown,Minor,46,43,43,23,8,8,22
Lovers Rock,TV Girl,2014,466231982,105,F,Minor,56,57,87,0,1,10,4
Oh My God,Adele,2021,466214729,88,C-sharp,Major,53,55,73,9,0,3,5
AMG,Natanael Cano . Gabito Ballesteros . Peso Pluma,2022,463564958,136,B,Minor,77,79,73,15,0,27,10
Ferrari,James Hype . Miggy Dela Rosa,2022,462791599,125,C-sharp,Minor,84,70,69,1,0,5,5
NEW MAGIC WAND,Tyler . The Creator,2019,461437791,140,F,Minor,62,46,73,10,0,67,11
Happy Xmas (War Is Over),John Lennon . The Harlem Community Choir . The Plastic Ono Band . Yoko Ono,1971,460492795,147,D,Major,33,39,61,32,0,77,3
Normal,Feid,2022,459276435,170,E,Minor,71,59,56,4,0,27,12
Just Wanna Rock,Lil Uzi Vert,2022,457184829,150,B,Major,49,4,55,7,0,6,3
Something in the Orange,Zach Bryan,2022,449701773,110,G,Major,59,22,38,42,0,12,3
Murder In My Mind,Kordhell,2022,448843705,120,A-sharp,Major,71,57,97,1,0,13,11
Vegas (From the Original Motion Picture Soundtrack ELVIS),Doja Cat,2022,448500832,160,G-sharp,Minor,80,74,60,8,0,14,26
Let It Snow! Let It Snow! Let It Snow!,Dean Martin,1959,446390129,134,C-sharp,Major,45,72,24,91,0,18,4
Me and Your Mama,Childish Gambino,2016,445590495,118,F,Major,56,25,45,1,3,7,3
PRC,Natanael Cano . Peso Pluma,2023,436027885,138,G,Minor,78,89,83,10,0,12,5
Midnight Rain,Taylor Swift,2022,433356509,140,unknown,Major,64,18,37,72,0,12,7
We Don't Talk About Bruno,Adassa . Mauro Castillo . Stephanie Beatriz . Encanto - Cast . Rhenzy Feliz . Diane Guerrero . Carolina Gaitan,2021,432719968,206,unknown,Minor,58,83,45,36,0,11,8
Take My Breath,The Weeknd,2021,432702334,121,G-sharp,Major,75,53,74,2,0,11,5
OMG,NewJeans,2023,430977451,127,A,Minor,80,74,77,36,0,11,4
Last Night,Morgan Wallen,2023,429829812,204,F-sharp,Major,52,52,68,46,0,15,4
Driving Home for Christmas - 2019 Remaster,Chris Rea,1986,429504768,180,A,Major,51,87,58,36,0,18,4
Super Freaky Girl,Nicki Minaj,2022,428685680,133,D,Major,95,91,89,6,0,31,24
OUT OUT (feat. Charli XCX & Saweetie),Charli XCX . Jax Jones . Joel Corry . Saweetie,2021,427486004,124,G-sharp,Minor,79,79,84,2,0,5,5
All For Us - from the HBO Original Series Euphoria,Labrinth . Zendaya,2019,426204830,141,D-sharp,Major,37,17,67,2,0,34,9
Thunder,Prezioso . Gabry Ponte . LUM!X,2021,422691058,101,C-sharp,Major,67,40,90,3,0,34,6
Fuera del mercado,Danny Ocean,2022,421365166,92,G-sharp,Major,45,27,67,32,0,13,14
Notion,The Rare Occasions,2016,421135627,160,A,Major,31,30,88,7,0,8,8
Better Days (NEIKED x Mae Muller x Polo G),NEIKED . Mae Muller . Polo G,2021,421040617,110,unknown,Minor,72,67,68,0,0,14,4
Un Ratito,Bad Bunny,2022,417230415,93,unknown,Minor,79,22,55,31,0,12,5
The Color Violet,Tory Lanez,2021,415932686,105,F-sharp,Minor,65,46,53,16,0,9,5
Happier Than Ever - Edit,Billie Eilish,2021,412795151,81,unknown,Major,45,12,57,7,0,23,3
Those Eyes,New West,2019,411747614,120,E,Major,60,24,35,73,0,31,3
Angel Baby,Troye Sivan,2021,408843328,145,B,Major,56,41,57,1,0,13,3
Shut up My Moms Calling,Hotel Ugly,2020,405136812,139,A,Minor,48,37,41,32,0,10,10
No Se Va,Grupo Frontera,2022,404887295,173,unknown,Major,59,69,53,12,0,23,3
Sleigh Ride,The Ronettes,1963,404664135,92,D,Major,53,84,77,40,0,32,3
Karma,Taylor Swift,2022,404562836,90,G-sharp,Major,64,10,62,7,0,48,7
Wonderful Christmastime - Edited Version / Remastered 2011,Paul McCartney,1979,403939487,95,B,Major,75,74,58,36,0,9,3
Un Coco,Bad Bunny,2022,403231558,152,B,Major,84,74,69,21,0,18,6
Superhero (Heroes & Villains) [with Future & Chris Brown],Future . Chris Brown . Metro Boomin,2022,401036314,117,F,Minor,72,45,59,14,0,20,21
Snooze,SZA,2022,399686758,143,F,Major,56,39,55,14,0,11,13
Ditto,NewJeans,2022,397582059,134,F-sharp,Minor,81,18,64,3,0,10,11
A Holly Jolly Christmas - Single Version,Burl Ives,1952,395591396,140,unknown,Major,67,81,36,64,0,15,3
White Christmas,Bing Crosby . John Scott Trotter & His Orchestra . Ken Darby Singers,1942,395591396,96,A,Major,23,19,25,91,0,40,3
Jordan,Ryan Castro,2021,394030335,180,A-sharp,Minor,80,71,68,6,0,10,37
Is There Someone Else?,The Weeknd,2022,391251368,135,A,Minor,70,60,58,4,0,16,3
The Christmas Song (Merry Christmas To You) - Remastered 1999,Nat King Cole,1946,389771964,139,C-sharp,Major,36,22,15,84,0,11,4
Daylight,David Kushner,2023,387570742,130,D,Minor,51,32,43,83,0,9,3
Mary On A Cross,Ghost,2019,387080183,130,B,Major,47,56,90,0,0,10,4
Belly Dancer,BYOR . Imanbek,2022,383835984,122,C-sharp,Major,85,42,80,6,0,17,14
Smokin Out The Window,Bruno Mars . Anderson .Paak . Silk Sonic,2021,383550148,82,D,Major,63,85,62,6,0,35,4
In The Stars,Benson Boone,2022,382199619,78,A-sharp,Major,36,30,54,34,0,14,5
Punto G,Quevedo,2022,381161027,92,B,Minor,75,55,76,25,0,10,15
Selfish,PnB Rock,2016,380319238,102,C-sharp,Minor,64,4,60,11,0,19,4
Praise God,Kanye West,2021,376333030,118,C-sharp,Major,80,21,55,1,0,26,17
Tiago PZK: Bzrp Music Sessions . Vol. 48,Bizarrap . Tiago pzk,2021,374191487,96,C-sharp,Minor,66,76,82,47,0,10,32
People,Libianca,2022,373199958,198,A-sharp,Minor,59,71,42,55,0,10,7
Bloody Mary,Lady Gaga,2011,372476382,100,A,Minor,59,49,65,2,0,13,3
Alien Blues,Vundabar,2015,370068639,82,D-sharp,Major,47,44,76,8,91,9,3
Something In The Way - Remastered 2021,Nirvana,1991,368646862,106,G-sharp,Major,44,8,20,74,42,11,3
You Proof,Morgan Wallen,2022,367814306,120,A,Major,73,64,85,25,0,61,3
Bebe Dame,Fuerza Regida . Grupo Frontera,2022,367316268,157,G,Major,54,75,60,30,0,7,5
"Kesariya (From ""Brahmastra"")",Pritam . Arijit Singh . Amitabh Bhattacharya,2022,366599607,94,unknown,Major,58,44,57,57,0,10,3
Matilda,Harry Styles,2022,366214458,114,D,Major,51,39,29,90,0,10,4
Hype Boy,NewJeans,2022,363472647,100,E,Minor,59,78,94,27,0,29,23
Acapulco,Jason Derulo,2021,363467642,122,A-sharp,Major,77,51,79,5,0,16,5
Like Crazy,Jimin,2023,363369738,120,G,Major,63,36,73,0,0,36,4
Vista Al Mar,Quevedo,2022,362361576,105,unknown,Minor,76,49,56,80,12,10,13
METAMORPHOSIS,INTERWORLD,2021,357580552,175,G,Minor,59,15,64,43,90,12,10
I Hate U,SZA,2021,356709897,107,G,Minor,54,41,39,51,0,11,16
Ley Seca,Anuel Aa . Jhay Cortez,2021,355219175,105,G-sharp,Major,76,58,84,10,0,13,10
El Azul,Junior H . Peso Pluma,2023,354495408,144,A,Minor,56,84,65,23,0,10,6
Sad Girlz Luv Money Remix (feat. Kali Uchis),Kali Uchis . Amaarae . Moliy,2021,354065229,110,C-sharp,Minor,86,31,53,43,0,11,6
Merry Christmas Everyone,Shakin' Stevens,1984,351636786,101,C-sharp,Minor,72,91,87,14,0,13,3
Fingers Crossed,Lauren Spencer Smith . Lauren Spencer Smith . Lauren Spencer Smith,2022,349585590,109,F,Major,60,45,47,62,0,31,5
You're On Your Own . Kid,Taylor Swift,2022,348647203,120,D,Major,69,40,39,41,0,13,6
this is what falling in love feels like,JVKE,2021,346127840,129,B,Major,42,33,44,62,0,8,6
The Feels,TWICE,2021,345903614,120,A,Major,81,92,90,9,0,8,7
CHORRITO PA LAS ANIMAS,Feid,2022,345031710,96,G-sharp,Minor,74,61,83,11,0,35,6
Andrea,Buscabulla . Bad Bunny,2022,344055883,103,C-sharp,Minor,80,45,62,76,0,10,38
she's all i wanna be,Tate McRae,2022,343197054,160,D,Minor,61,65,64,1,0,12,4
Nonsense,Sabrina Carpenter,2022,342897938,139,G-sharp,Major,74,68,68,3,0,26,4
Super Gremlin,Kodak Black,2021,342779426,73,D,Major,83,11,41,0,0,36,14
Out of Time,The Weeknd,2022,339659802,93,unknown,Minor,65,82,74,27,0,32,5
Demasiadas Mujeres,C. Tangana,2020,339473453,126,A,Minor,67,37,46,13,0,10,39
TV,Billie Eilish,2022,338564981,141,E,Minor,41,9,25,84,1,14,4
Dos Mil 16,Bad Bunny,2022,338422004,130,C-sharp,Major,82,50,67,12,0,13,5
Classy 101,Feid . Young Miko,2023,335222234,100,B,Major,86,67,66,14,0,12,16
Players,Coi Leray,2022,335074782,105,F-sharp,Major,95,62,52,3,0,5,16
Music For a Sushi Restaurant,Harry Styles,2022,334733572,107,B,Major,72,36,72,26,6,11,4
STAR WALKIN' (League of Legends Worlds Anthem),Lil Nas X,2022,332506354,142,D,Minor,64,31,72,15,0,9,5
Run BTS,BTS,2022,330881149,77,G-sharp,Major,72,70,82,2,0,4,17
Por las Noches,Peso Pluma,2021,330346424,92,unknown,Major,81,39,60,31,0,7,3
Bejeweled,Taylor Swift,2022,328207708,164,G,Major,70,39,56,6,0,9,7
Excuses,Intense . AP Dhillon . Gurinder Gill,2020,327498031,95,F,Minor,84,49,72,8,0,15,8
Sacrifice,The Weeknd,2022,326792833,122,G,Major,70,91,79,3,0,7,10
JGL,Luis R Conriquez . La Adictiva,2022,323455692,113,G-sharp,Major,70,97,59,55,0,27,12
Snow On The Beach (feat. Lana Del Rey),Taylor Swift . Lana Del Rey,2022,323437194,110,A,Major,66,19,32,69,0,12,4
Dreamers [Music from the FIFA World Cup Qatar 2022 Official Soundtrack],BTS . Jung Kook . FIFA Sound,2022,323358833,115,unknown,Major,71,34,88,16,0,44,4
Ya No Somos Ni Seremos,Christian Nodal,2022,319757142,140,G,Major,59,73,45,44,0,34,3
Maan Meri Jaan,King,2022,319566866,96,F-sharp,Minor,70,40,51,35,0,10,4
Maroon,Taylor Swift,2022,317726339,108,G,Major,64,4,40,6,0,10,6
Christmas Tree,V,2021,317622165,139,F,Major,44,18,38,70,0,12,4
Yo No Soy Celoso,Bad Bunny,2022,313113297,142,unknown,Major,87,93,59,28,0,17,5
La Zona,Bad Bunny,2020,312622938,94,C-sharp,Minor,76,81,80,20,0,25,4
Satellite,Harry Styles,2022,311482393,139,unknown,Major,58,30,46,14,0,9,3
pushin P (feat. Young Thug),Young Thug . Future . Gunna,2022,311395144,78,C-sharp,Minor,77,49,42,1,1,13,19
Shirt,SZA,2022,309653982,120,D-sharp,Minor,82,55,45,15,3,9,10
Besos Moja2,Wisin & Yandel . ROSALï¿½,2022,309483971,94,F,Minor,74,64,73,6,0,10,6
ULTRA SOLO,Polima WestCoast . Pailita,2022,307752576,110,C-sharp,Major,80,26,85,23,0,11,21
Fin de Semana,Oscar Maydon . Junior H,2023,307370144,98,unknown,Major,70,37,54,6,0,9,8
LOVE DIVE,IVE,2022,305771063,118,C-sharp,Minor,70,54,71,0,0,33,4
Me Fui de Vacaciones,Bad Bunny,2022,305650299,85,A-sharp,Major,71,43,65,23,0,9,5
Gato de Noche,Nengo Flow . Bad Bunny,2022,304118600,94,G-sharp,Major,89,61,66,17,0,36,16
PUNTO 40,Baby Rasta . Rauw Alejandro,2022,304079786,107,unknown,Major,87,20,83,0,4,31,9
WHERE SHE GOES,Bad Bunny,2023,303236322,144,A,Minor,65,23,80,14,63,11,6
SPIT IN MY FACE!,ThxSoMch,2022,303216294,94,G-sharp,Major,73,65,79,5,2,11,6
Yet To Come,BTS,2022,302006641,172,C-sharp,Major,56,68,89,4,0,33,19
SPIT IN MY FACE!,ThxSoMch,2022,301869854,166,C-sharp,Major,70,57,57,9,20,11,7
N95,Kendrick Lamar,2022,301242089,140,D-sharp,Minor,81,39,66,38,0,12,14
ANTIFRAGILE,LE SSERAFIM,2022,301051721,105,A-sharp,Minor,88,82,80,8,0,11,8
Where Did You Go?,MNEK . Jax Jones,2022,300983101,127,A-sharp,Major,77,53,78,19,0,29,4
Sweetest Pie,Dua Lipa . Megan Thee Stallion,2022,299634472,124,G,Major,81,68,63,17,0,10,22
LET GO,Central Cee,2022,298063749,146,D,Minor,74,51,45,86,0,21,38
Lift Me Up - From Black Panther: Wakanda Forever - Music From and Inspired By,Rihanna,2022,297328960,177,A,Major,25,17,30,90,0,13,3
It's Beginning to Look a Lot Like Christmas (with Mitchell Ayres & His Orchestra),Perry Como . The Fontane Sisters . Mitchell Ayres & His Orchestra,1958,295998468,113,G,Major,73,72,32,77,0,15,5
Numb,Marshmello . Khalid,2022,295307001,120,unknown,Minor,91,63,77,12,1,10,5
Siempre Pendientes,Peso Pluma . Luis R Conriquez,2022,295152154,136,unknown,Major,77,71,75,33,1,13,4
CAIRO,Karol G . Ovy On The Drums,2022,294352144,115,F,Minor,95,43,69,47,0,9,31
Last Last,Burna Boy,2022,293466523,88,D-sharp,Minor,80,55,56,13,0,8,9
ceilings,Lizzy McAlpine,2022,293186992,148,A,Major,51,27,33,48,0,22,3
Daylight,Harry Styles,2022,290833204,146,unknown,Major,69,63,45,48,0,18,4
Every Summertime,NIKI,2021,290228626,79,F-sharp,Major,63,76,67,38,0,6,4
Ch y la Pizza,Fuerza Regida . Natanael Cano,2022,288101651,149,G-sharp,Major,66,85,60,40,0,14,13
El Rescate,Grupo Marca Registrada . Junior H,2022,287278853,99,G,Minor,79,64,59,28,0,11,14
It'll Be Okay,Shawn Mendes,2021,287201015,78,G,Major,40,7,29,62,0,9,3
Crazy What Love Can Do,David Guetta . Ella Henderson . Becky Hill,2022,286739476,123,E,Minor,60,46,71,3,0,16,4
Too Many Nights (feat. Don Toliver & with Future),Future . Metro Boomin . Don Toliver,2022,286400165,88,G,Minor,68,17,71,15,0,11,5
Nobody Gets Me,SZA,2022,284908316,100,G,Major,36,28,28,81,0,18,3
Radio,Lana Del Rey,2011,284819874,150,D,Major,42,20,86,21,0,9,9
How Do I Say Goodbye,Dean Lewis,2022,284785823,82,G-sharp,Major,40,39,64,21,0,7,7
Pasoori,Shae Gill . Ali Sethi,2022,284249832,92,B,Minor,71,67,60,7,0,6,4
Hold Me Closer,Elton John . Britney Spears,2017,284216603,126,unknown,Major,67,49,77,11,0,19,11
Aguacero,Bad Bunny,2022,283359161,121,F-sharp,Minor,86,67,65,42,0,35,7
Un Verano Sin Ti,Bad Bunny,2022,283332261,188,F,Minor,50,41,50,69,0,12,6
Forever,Labrinth,2019,282883169,80,E,Minor,56,19,46,92,72,11,3
ULTRA SOLO REMIX,De La Ghetto . Feid . Polima WestCoast . Paloma Mami . Pailita,2022,279717388,110,C-sharp,Major,91,59,82,8,0,6,8
Ferxxo 100,Feid,2022,278920007,164,G-sharp,Minor,70,58,57,25,0,15,7
BILLIE EILISH.,Armani White,2022,277132266,100,C-sharp,Major,90,75,50,11,0,9,26
Trance (with Travis Scott & Young Thug),Travis Scott . Young Thug . Metro Boomin,2022,276259178,119,C-sharp,Minor,75,48,53,18,0,18,34
Caile,Luar La L,2020,273914335,122,unknown,Major,70,46,76,30,0,9,45
Little Freak,Harry Styles,2022,273194684,142,D-sharp,Major,56,40,54,72,0,10,4
Pantysito,Feid . Alejo . Robi,2022,273005485,98,G,Minor,83,63,74,14,0,16,6
Low,SZA,2022,272377463,145,unknown,Minor,70,34,55,43,0,16,6
Cooped Up (with Roddy Ricch),Post Malone . Roddy Ricch,2022,271666301,125,unknown,Major,50,39,78,4,0,11,33
Surface Pressure,Jessica Darrow,2021,267758538,180,D,Major,65,37,58,2,0,4,31
X SI VOLVEMOS,Karol G . Romeo Santos,2023,266624541,178,C-sharp,Minor,79,58,78,34,0,11,25
Car's Outside,James Arthur,2019,265882712,150,A,Major,34,24,56,4,0,11,3
After LIKE,IVE,2022,265548837,125,unknown,Major,68,80,92,10,0,9,12
Attention,NewJeans,2022,264717480,105,A-sharp,Minor,81,70,65,24,0,8,4
Bombonzinho - Ao Vivo,Israel & Rodolffo . Ana Castela,2022,263453310,158,C-sharp,Major,65,72,95,31,0,92,5
Ojos Marrones,Lasso,2022,263280370,120,G-sharp,Minor,81,72,65,4,0,14,4
Salimo de Noche,Trueno . Tiago pzk,2021,261414174,84,D,Major,67,78,63,29,0,12,5
Peru,Ed Sheeran . Fireboy DML,2021,261286503,108,G,Minor,96,71,42,57,0,8,9
My Only Wish (This Year),Britney Spears,2000,261116938,147,unknown,Major,67,69,72,17,0,19,3
Numb Little Bug,Em Beihold,2022,258714692,85,G-sharp,Minor,74,61,52,30,0,26,9
Moonlight,Kali Uchis,2023,256483385,137,G,Minor,64,88,72,51,0,17,5
El Gordo Trae El Mando,Chino Pacas,2023,255932395,140,G,Minor,74,96,80,18,0,5,5
When You're Gone,Shawn Mendes,2022,255120451,147,F,Major,60,58,69,2,0,58,4
PUFFIN ON ZOOTIEZ,Future,2022,254218729,125,G-sharp,Major,88,28,66,6,0,13,31
Vigilante Shit,Taylor Swift,2022,253650850,80,E,Minor,80,16,28,17,0,12,39
Down Under (feat. Colin Hay),Luude . Colin Hay,2021,252871192,172,B,Minor,31,4,86,1,0,28,17
Coco Chanel,Bad Bunny . Eladio Carrion,2023,250305248,150,D,Major,68,14,76,4,0,10,4
Villano Antillano: Bzrp Music Sessions . Vol. 51,Bizarrap . Villano Antillano,2022,248511839,128,C-sharp,Minor,82,42,75,6,0,63,6
Rara Vez,Taiu . Milo j,2023,248088961,120,F,Minor,84,96,71,18,0,34,17
ELEVEN,IVE,2021,247737946,120,A,Major,83,59,73,6,0,5,11
2 Be Loved (Am I Ready),Lizzo,2022,247689123,156,G,Major,72,92,77,9,0,8,11
Die For You,Joji,2022,246390068,148,G-sharp,Major,47,15,52,38,13,29,5
Stay Alive (Prod. SUGA of BTS),Jung Kook,2022,246376690,130,D,Minor,51,50,76,30,0,10,7
Agosto,Bad Bunny,2022,246127838,115,C-sharp,Minor,85,72,58,9,0,49,12
Run Rudolph Run - Single Version,Chuck Berry,1958,245350949,152,G,Minor,69,94,71,79,0,7,8
TO THE MOON,Jnr Choi,2021,245095641,144,D,Major,74,39,65,5,1,11,35
THE SHADE,Rex Orange County,2022,244928911,120,F,Major,90,73,51,39,0,9,6
San Lucas,Kevin Kaarl,2019,244891912,92,G,Major,58,27,36,86,0,9,3
Afraid To Feel,LF System,2022,244790012,128,C-sharp,Major,58,68,91,2,0,27,11
Thousand Miles,The Kid Laroi,2022,244741137,81,G,Major,38,20,66,9,0,9,8
Heart To Heart,Mac DeMarco,2019,244658767,150,G-sharp,Minor,90,64,14,67,35,11,10
B.O.T.A. (Baddest Of Them All) - Edit,Interplanetary Criminal . Eliza Rose,2022,244585109,137,unknown,Major,74,71,89,24,61,15,5
Christmas (Baby Please Come Home),Darlene Love,1963,242767149,126,D-sharp,Major,34,35,76,39,0,8,5
Don't You Worry,David Guetta . Shakira . Black Eyed Peas,2022,240918092,132,B,Major,82,49,88,20,0,21,3
Ginseng Strip 2002,Yung Lean,2013,240769997,115,C-sharp,Major,60,37,71,8,0,48,4
Plan A,Paulo Londra,2022,240661097,174,unknown,Major,58,56,83,5,0,7,4
With you,HA SUNG WOON . Jimin,2022,240580042,150,D-sharp,Major,53,14,43,64,0,13,3
Forget Me,Lewis Capaldi,2022,239411309,102,C-sharp,Minor,67,72,74,30,0,36,4
Hold My Hand,Lady Gaga,2022,238350348,148,G,Major,51,21,63,5,0,41,3
Die Hard,Kendrick Lamar . Blxst . Amanda Reifer,2022,237351106,101,C-sharp,Minor,78,40,74,36,0,17,27
Entre Nosotros (Remix) [con Nicki Nicole],Lit Killah . Maria Becerra . Tiago pzk . NICKI NICOLE,2022,236940480,170,F,Minor,70,61,44,40,0,37,4
Tom's Diner,AnnenMayKantereit . Giant Rooks,2019,236872197,98,F-sharp,Minor,68,33,43,38,0,36,14
Keep Driving,Harry Styles,2022,236060709,165,A,Major,72,90,48,32,0,18,23
Typa Girl,BLACKPINK,2022,235549288,132,G,Major,92,53,62,7,0,63,10
Nosso Quadro,Ana Castela . AgroPlay,2023,233801632,160,A,Major,69,61,71,33,0,31,20
Love Of My Life,Harry Styles,2022,233671263,118,G,Major,56,20,54,67,0,6,5
FLOWER,JISOO,2023,232896922,124,A,Minor,84,64,39,3,0,11,4
Mujeriego,Ryan Castro,2021,231996128,80,A,Major,76,92,62,6,0,8,13
MERCHO,Migrantes . LiL CaKe . Nico Valdi,2022,231332117,93,F-sharp,Minor,84,96,79,43,0,18,11
FEARLESS,LE SSERAFIM,2022,229497852,104,G,Major,86,43,62,5,0,13,14
Starlight,Dave,2022,229473310,124,G,Major,95,36,37,35,0,10,28
Evergreen (You Didnï¿½ï¿½ï¿½t Deserve Me A,Omar Apollo,2022,227918678,82,A,Major,70,31,34,60,1,11,4
I AM WOMAN,Emmy Meli,2021,225259194,170,A-sharp,Major,65,46,47,12,0,13,16
El Merengue,Marshmello . Manuel Turizo,2023,223633238,124,G-sharp,Minor,78,70,68,3,1,11,4
Marisola - Remix,Duki . NICKI NICOLE . Cris Mj . Standly . Stars Music Chile,2022,223582566,95,C-sharp,Major,77,72,87,17,0,7,5
Question...?,Taylor Swift,2022,223064273,109,G,Major,75,11,50,20,0,30,17
Eu Gosto Assim - Ao Vivo,Gustavo Mioto . Mari Fernandez,2022,222612678,154,unknown,Major,64,61,91,15,0,72,4
KU LO SA - A COLORS SHOW,Oxlade,2022,222410722,93,A-sharp,Minor,65,79,66,31,0,22,7
Betty (Get Money),Yung Gravy,2022,221752937,102,C-sharp,Major,73,62,75,0,0,34,8
Bad Decisions (with BTS & Snoop Dogg),Snoop Dogg . BTS . Benny Blanco,2022,219196651,120,unknown,Major,77,94,87,2,0,23,12
Mastermind,Taylor Swift,2022,218320587,126,E,Major,66,12,35,55,0,9,14
Cupido,Tini,2023,217672943,120,A,Major,91,63,58,52,0,31,22
POP!,Nayeon,2022,213505179,97,D,Major,80,36,86,4,0,3,5
WORTH NOTHING,Twisted . Oliver Tree,2022,213438580,140,D,Minor,58,17,62,18,0,20,8
MANIAC,Stray Kids,2022,212234990,120,C-sharp,Major,58,71,80,15,0,7,41
That That (prod. & feat. SUGA of BTS),PSY . Suga,2022,212109195,130,E,Major,91,91,96,3,0,3,9
Polaroid Love,ENHYPEN,2022,211372494,138,G,Minor,74,65,67,46,0,36,4
Miracle (with Ellie Goulding),Calvin Harris . Ellie Goulding,2023,211050784,143,A,Major,64,31,87,4,4,8,4
KICK BACK,Kenshi Yonezu,2022,210038833,102,C-sharp,Major,58,29,94,0,0,9,11
Watch This - ARIZONATEARS Pluggnb Remix,sped up nightcore . ARIZONATEARS . Lil Uzi Vert,2023,207033255,130,B,Minor,69,36,90,1,10,15,4
MIENTRAS ME CURO DEL CORA,Karol G,2023,206399629,80,unknown,Major,52,57,48,86,0,15,39
When I R.I.P.,Labrinth,2019,203680270,80,G-sharp,Minor,39,45,55,73,0,9,21
The Astronaut,Jin,2022,203436468,125,F,Major,54,22,76,0,0,14,3
Thought You Should Know,Morgan Wallen,2022,203221468,140,F-sharp,Major,53,51,70,49,0,14,3
Hati-Hati di Jalan,Tulus,2022,202677468,72,F-sharp,Major,64,76,44,70,9,12,4
Static,Steve Lacy,2022,202452860,79,C-sharp,Major,34,22,31,43,63,10,7
Tattoo,Loreen,2023,201660859,150,D-sharp,Minor,55,30,78,24,0,12,8
Bar,Tini . L-Gante,2021,200972675,94,C-sharp,Major,52,68,69,13,0,33,8
Less Than Zero,The Weeknd,2022,200660871,143,unknown,Major,53,50,79,0,0,8,3
Peso Pluma: Bzrp Music Sessions . Vol. 55,Bizarrap . Peso Pluma,2023,200647221,133,F,Minor,85,81,67,26,0,12,5
Grapejuice,Harry Styles,2022,199587884,183,F,Major,65,88,72,36,14,20,3
Limbo,Freddie Dredd,2022,199386237,75,B,Minor,80,46,62,3,6,11,46
DANCE CRIP,Trueno,2021,198883004,106,unknown,Major,86,86,79,11,0,8,9
Spin Bout U,Drake . 21 Savage,2022,198365537,130,G,Major,77,20,70,1,0,16,5
En Paris,El Chachito . Junior H,2022,198275403,139,D-sharp,Minor,70,77,48,37,0,12,5
IDGAF (with blackbear),Blackbear . BoyWithUke,2022,197643795,98,F,Major,78,83,75,41,0,27,8
Pass The Dutchie,Musical Youth,1982,195918494,151,G,Major,73,88,67,20,0,32,5
Massive,Drake,2022,195628667,125,E,Minor,51,5,68,12,2,15,6
Eyes Closed,Ed Sheeran,2023,195576623,107,D,Major,78,39,53,30,0,11,6
Niagara Falls (Foot or 2) [with Travis Scott & 21 Savage],Travis Scott . 21 Savage . Metro Boomin,2022,195516622,88,G,Minor,49,24,66,19,0,18,29
True Love,Kanye West . XXXTENTACION,2022,194902696,84,F,Minor,71,39,86,2,0,51,25
Nail Tech,Jack Harlow,2022,193443895,150,E,Minor,65,11,58,0,0,12,9
La Bebe,Yng Lvcas,2021,191945597,170,D,Minor,78,75,46,62,0,12,35
Pipoco,Melody . Ana Castela . Dj Chris No Beat,2022,191873381,135,G-sharp,Major,77,74,74,47,0,34,8
Sticky,Drake,2022,191448892,137,A-sharp,Minor,88,8,49,9,0,9,14
Pussy & Millions (feat. Travis Scott),Drake . Travis Scott . 21 Savage,2022,191333656,122,E,Minor,75,45,63,6,0,35,12
In My Head,Lil Tjay,2022,190981339,143,C-sharp,Major,68,41,55,16,0,10,12
Potion (with Dua Lipa & Young Thug),Calvin Harris . Dua Lipa . Young Thug,2022,190625045,100,B,Minor,82,76,70,16,0,8,5
Slut Me Out,NLE Choppa,2022,190490915,121,F-sharp,Minor,94,71,61,12,0,53,42
Talk that Talk,TWICE,2022,189476119,120,D-sharp,Minor,77,78,91,14,0,33,12
Cinema,Harry Styles,2022,189236868,106,A,Minor,83,90,64,35,5,9,4
Daydreaming,Harry Styles,2022,187703102,114,E,Minor,71,90,81,31,2,13,3
Casei Com a Putaria,MC Ryan SP . Love Funk . Mc Paiva ZS,2022,187701588,161,A-sharp,Minor,59,62,60,12,0,5,44
Labyrinth,Taylor Swift,2022,187339835,110,unknown,Major,48,15,31,80,22,12,4
Sweet Nothing,Taylor Swift,2022,186104310,177,unknown,Major,34,39,16,97,0,12,5
10 Things I Hate About You,Leah Kate,2022,185550869,154,G-sharp,Major,54,45,79,1,0,17,5
Cigarettes,Juice WRLD,2021,185408548,160,D,Major,60,47,62,3,0,38,4
Prohibidox,Feid,2022,185392587,180,C-sharp,Minor,65,52,80,5,0,6,25
All Of The Girls You Loved Before,Taylor Swift,2019,185240616,96,D,Major,72,40,47,71,0,13,4
GIVENCHY,Duki,2022,185236961,103,G-sharp,Major,61,38,62,14,0,23,40
The Family Madrigal,Olga Merediz . Stephanie Beatriz . Encanto - Cast,2021,184937148,141,C-sharp,Major,59,56,63,12,0,6,36
Flowers,Lauren Spencer Smith,2021,184826429,138,D-sharp,Major,70,31,44,84,0,9,39
Tak Ingin Usai,Keisya Levronka,2022,184807630,130,unknown,Major,49,14,40,82,0,11,3
Good Looking,Suki Waterhouse,2017,184706613,150,E,Major,37,27,56,8,0,13,3
Escapism. - Sped Up,RAYE . 070 Shake,2022,184308753,108,F-sharp,Minor,44,38,77,9,0,9,20
Sprinter,Dave . Central Cee,2023,183706234,141,C-sharp,Major,92,66,58,19,0,8,24
295,Sidhu Moose Wala,2021,183273246,90,B,Minor,68,54,76,21,0,11,20
DARARI,Treasure,2022,182978249,85,unknown,Major,72,55,64,49,0,7,4
Shut up My Moms Calling - (Sped Up),Hotel Ugly,2022,181831132,85,F,Minor,65,36,47,31,0,12,10
The Great War,Taylor Swift,2022,181382590,96,F,Major,57,55,74,22,0,8,4
Hrs and Hrs,Muni Long,2021,181328253,140,G-sharp,Minor,51,66,53,60,0,11,18
You Make It Feel Like Christmas (feat. Blake Shelton),Gwen Stefani . Blake Shelton,2005,180577478,93,F,Major,63,93,88,1,0,12,4
Tak Segampang Itu,Anggi Marito,2022,179659294,130,F,Major,51,18,44,76,0,11,3
Si Te La Encuentras Por Ahï¿,Feid,2022,179061440,172,G-sharp,Minor,74,46,58,15,0,13,8
Jingle Bells - Remastered 1999,Frank Sinatra,1957,178660459,175,G-sharp,Major,51,94,34,73,0,10,5
Si Quieren Frontear,De La Ghetto . Duki . Quevedo,2022,178512385,82,A-sharp,Major,79,48,84,13,0,21,23
Baby Don't Hurt Me,David Guetta . Anne-Marie . Coi Leray,2023,177740666,128,G,Major,60,23,91,0,0,12,3
Would've . Could've . Should've,Taylor Swift,2022,177503916,158,G,Major,48,55,84,43,0,15,12
TQM,Fuerza Regida,2023,176553476,125,F,Minor,79,96,85,27,0,11,6
Celestial,Ed Sheeran,2022,176474912,123,D,Major,57,50,85,5,0,16,4
Ai Preto,L7nnon . DJ Biel do Furduncinho . Bianca,2022,176103902,130,F-sharp,Major,95,83,57,54,0,10,25
WANDA,Quevedo,2023,175399345,176,E,Minor,72,96,63,25,0,21,7
Search & Rescue,Drake,2023,175097833,142,A-sharp,Minor,82,54,44,6,0,33,7
Evoque Prata,DJ Escobar . MC MENOR SG . MC MENOR HR,2022,174006928,87,G,Major,87,52,52,31,0,28,24
Rich Spirit,Kendrick Lamar,2022,173702135,96,A-sharp,Minor,85,41,43,39,0,12,21
Like Crazy (English Version),Jimin,2023,173627354,120,G,Major,62,32,76,0,0,39,4
Chemical,Post Malone,2023,172825906,170,D,Major,50,37,90,0,0,12,5
STAYING ALIVE (feat. Drake & Lil Baby),Drake . DJ Khaled . Lil Baby,2022,170732845,130,E,Minor,72,18,46,7,0,28,8
Nxde,(G)I-DLE,2022,170709584,136,E,Minor,73,65,91,4,0,48,18
On BS,Drake . 21 Savage,2022,170413877,158,A,Major,84,33,36,2,0,39,59
Gatita,Bellakath,2022,168684524,101,G,Major,90,76,81,15,24,33,6
Set Me Free Pt.2,Jimin,2023,168448603,132,unknown,Minor,59,56,82,12,0,12,6
Dos Oruguitas,Sebastian Yatra,2021,167076418,94,unknown,Major,42,47,36,76,0,9,5
Sial,Mahalini,2023,166570053,120,D,Major,56,20,43,89,0,12,4
If We Ever Broke Up,Mae Stephens,2023,165584767,116,G,Major,90,96,73,62,0,9,4
Makeba,Jain,2015,165484133,116,D,Major,82,40,66,39,51,25,7
En El Radio Un Cochinero,Victor Cibrian,2022,164856284,154,F-sharp,Minor,70,97,62,47,0,10,4
Paulo Londra: Bzrp Music Sessions . Vol. 23,Bizarrap . Paulo Londra,2022,164163229,96,unknown,Major,61,32,90,25,0,10,9
Blind,SZA,2022,163284000,114,A,Minor,46,60,28,91,0,21,4
Shorty Party,Cartel De Santa . La Kelly,2023,162887075,96,D,Major,93,47,47,33,0,10,36
Chanel,Becky G . Peso Pluma,2023,161460990,132,D,Major,85,53,68,40,0,9,4
Die Young (feat. 347aidan),Sleepy hallow . 347aidan,2022,160845341,77,B,Major,81,68,58,83,0,11,34
Beautiful Girl,Luciano,2022,160035717,140,B,Minor,84,61,42,31,0,9,9
BABY OTAKU,Fran C . Polima WestCoast . Nickoog Clk . Pablito Pesadilla,2022,159240673,102,A,Major,84,43,75,5,0,6,8
Antes de Perderte,Duki,2022,157136970,110,F,Minor,81,61,93,49,0,12,11
Fast Car,Luke Combs,2023,157058870,98,G-sharp,Major,71,67,60,19,0,12,3
United In Grief,Kendrick Lamar,2022,156898322,87,G-sharp,Major,52,32,83,24,0,17,43
Kahani Suno 2.0,Kaifi Khalil,2022,156777415,140,B,Major,58,26,38,91,0,10,4
Pope Is a Rockstar,SALES,2016,156658366,90,E,Minor,73,31,45,85,24,11,3
Boy's a liar Pt. 2,PinkPantheress . Ice Spice,2023,156338624,133,F,Major,70,86,81,25,0,25,5
Boy's a liar,PinkPantheress,2022,156338624,133,F,Major,66,74,84,25,0,21,4
Malas Decisiones,Kenia OS,2022,156214700,110,G-sharp,Minor,81,64,79,5,0,31,3
MORE,j-hope,2022,155795783,97,D,Major,78,31,72,1,0,11,4
Open Arms (feat. Travis Scott),SZA . Travis Scott,2022,155653938,78,A,Major,67,22,59,76,1,15,16
Major Distribution,Drake . 21 Savage,2022,154863153,131,G-sharp,Minor,91,23,55,1,0,7,32
What Else Can I Do?,Stephanie Beatriz . Diane Guerrero,2021,154797871,120,E,Major,72,54,71,26,0,10,4
Miss You,Southstar,1982,154356956,145,A,Major,66,24,58,17,0,19,5
Erro Gostoso - Ao Vivo,Simone Mendes,2023,153454328,154,F-sharp,Major,59,63,89,18,0,80,9
AMARGURA,Karol G,2023,153372011,107,F-sharp,Minor,92,55,70,18,0,15,7
Freaky Deaky,Tyga . Doja Cat,2022,153240879,104,D,Minor,80,24,65,2,0,9,4
VIBE (feat. Jimin of BTS),TAEYANG . Jimin,2023,152850295,100,unknown,Major,79,60,68,7,0,26,4
Dua Lipa,Jack Harlow,2022,150500965,158,B,Major,83,41,65,0,10,11,8
Tormenta (feat. Bad Bunny),Gorillaz . Bad Bunny,2023,149778242,95,unknown,Major,64,30,77,46,0,38,6
One Thing At A Time,Morgan Wallen,2022,148469433,142,G,Major,61,92,91,0,0,26,3
Talk,YEAT,2022,148461629,140,E,Minor,70,26,76,8,0,54,23
Love Again,The Kid Laroi,2023,147538971,107,B,Minor,66,47,40,72,0,11,3
Di Que Si,Grupo Marca Registrada . Grupo Frontera,2023,147290338,182,A,Major,57,80,59,8,0,6,5
The Joker And The Queen (feat. Taylor Swift),Ed Sheeran . Taylor Swift,2022,146789379,134,unknown,Major,53,31,31,92,0,28,3
Mas Rica Que Ayer,Mambo Kingz . DJ Luian . Anuel Aa,2023,146409671,94,B,Major,82,53,67,34,0,9,8
That's Hilarious,Charlie Puth,2022,146363130,108,F-sharp,Major,71,55,44,74,0,11,6
Heaven,Niall Horan,2023,144584800,92,F,Major,57,68,76,7,0,33,3
All My Life (feat. J. Cole),J. Cole . Lil Durk,2023,144565150,143,D-sharp,Major,83,69,44,15,0,10,33
212,Mainstreet . Chefin,2022,143139338,154,D,Minor,79,86,52,66,0,9,7
Un Finde | CROSSOVER 2,Big One . FMK . Ke personajes,2023,142095275,192,B,Major,50,85,52,11,0,28,6
Circo Loco,Drake . 21 Savage,2022,141720999,104,C-sharp,Major,73,25,61,1,0,32,7
Seven (feat. Latto) (Explicit Ver.),Latto . Jung Kook,2023,141381703,125,B,Major,80,89,83,31,0,8,4
I Really Want to Stay at Your House,Rosa Walton . Hallie Coggins,2020,140430339,125,D-sharp,Minor,49,13,74,0,0,9,4
"Besharam Rang (From ""Pathaan"")",Vishal-Shekhar . Shilpa Rao . Caralisa Monteiro . Kumaar . Vishal Dadlani . Shekhar Ravjiani,2022,140187018,116,G-sharp,Minor,77,65,80,6,0,15,4
vampire,Olivia Rodrigo,2023,140003974,138,F,Major,51,32,53,17,0,31,6
"Apna Bana Le (From ""Bhediya"")",Arijit Singh . Sachin-Jigar,2022,139836056,94,A,Major,59,44,56,80,0,6,3
Cupid,Fifty Fifty,2023,139681964,120,D,Major,77,94,66,65,0,38,3
Fim de Semana no Rio,teto,2022,139193812,119,C-sharp,Minor,87,28,50,12,0,10,10
Seu Brilho Sumiu - Ao Vivo,Israel & Rodolffo . Mari Fernandez,2023,138517666,154,F-sharp,Major,63,75,92,31,0,91,5
Nos Comemos (feat. Ozuna),Ozuna . Tiago pzk,2022,138334433,92,F-sharp,Major,83,56,82,10,0,9,5
Komang,Raim Laode,2022,137123880,134,G,Major,70,35,41,41,0,10,3
Boyfriends,Harry Styles,2022,137070925,118,unknown,Major,42,32,20,94,0,11,4
ZOOM,Jessi,2022,136996305,100,F-sharp,Major,87,46,60,1,0,13,16
Antidepresan,Mabel Matiz . Mert Demir,2022,136689549,100,B,Minor,70,92,59,3,0,10,3
Cash In Cash Out,Pharrell Williams . Tyler . The Creator . 21 Savage,2022,136676504,120,G,Major,88,15,56,1,0,8,6
Merry Christmas,Ed Sheeran . Elton John,2017,135723538,114,unknown,Major,59,60,94,24,0,10,4
Wild Flower (with youjeen),RM,2022,135611421,155,G-sharp,Major,49,42,77,3,0,12,9
O.O,NMIXX,2022,135444283,200,B,Minor,39,28,77,4,0,6,29
Brividi,Mahmood . Blanco,2022,135079152,123,G,Major,52,44,60,40,0,26,3
Zona De Perigo,Leo Santana,2022,134294498,135,F,Major,81,97,77,75,0,35,3
TRUSTFALL,P!nk,2023,134255790,122,G-sharp,Major,64,25,89,0,0,15,9
En La De Ella,Feid . Sech . Jhayco,2022,133895612,97,C-sharp,Major,82,67,77,8,0,12,5
Angel Pt 1 (feat. Jimin of BTS . JVKE & Muni Long),Kodak Black . NLE Choppa . Muni Long . JVKE . Jimin,2023,133753727,74,A-sharp,Minor,53,24,67,11,0,10,28
LALA,Myke Towers,2023,133716286,92,C-sharp,Major,71,61,74,7,0,10,4
die first,Nessa Barrett,2022,131746175,183,G-sharp,Minor,44,44,67,7,0,12,13
Take My Breath,The Weeknd,2021,130655803,121,A-sharp,Minor,70,35,77,1,0,26,4
Baile no Morro,Mc Vitin Da Igrejinha . MC Tairon . DJ Win,2022,129314708,130,D-sharp,Minor,71,78,40,46,0,7,45
Say Yes To Heaven,Lana Del Rey,2023,127567540,100,F-sharp,Minor,49,17,35,71,9,11,3
Dance The Night (From Barbie The Album),Dua Lipa,2023,127408954,110,B,Minor,67,78,85,2,0,33,5
Father Time (feat. Sampha),Kendrick Lamar . Sampha,2022,127309180,153,A-sharp,Minor,55,50,78,19,0,11,35
Deck The Hall - Remastered 1999,Nat King Cole,1959,127027715,107,F-sharp,Minor,69,96,36,81,0,8,4
Las Morras,BLESSD . Peso Pluma,2023,127026613,133,A,Minor,78,90,84,31,0,7,4
Soy El Unico,Yahritza Y Su Esencia,2022,126443991,84,E,Minor,71,63,45,45,0,11,3
Count Me Out,Kendrick Lamar,2022,126191104,134,G,Major,78,51,43,69,0,14,9
Miserable Man,David Kushner,2022,124407432,110,A-sharp,Major,63,31,35,93,0,29,3
Stay With Me (with Justin Timberlake . Halsey . & Pharrell),Calvin Harris . Halsey . Pharrell Williams . Justin Timberlake,2022,123473120,126,A,Major,81,90,73,28,0,29,4
Silent Hill,Kendrick Lamar . Kodak Black,2022,123216717,140,C-sharp,Minor,92,78,57,46,0,14,9
I AM,IVE,2023,123132751,122,E,Minor,68,38,88,1,0,8,5
Los del Espacio,Big One . Duki . Lit Killah . Maria Becerra . FMK . Rusherking . Emilia . Tiago pzk,2023,123122413,120,unknown,Major,81,63,68,11,0,11,4
Hey . Mickey!,Baby Tate,2016,122763672,135,D,Major,92,73,51,55,0,15,6
"I'm Tired - From ""Euphoria"" An Original HBO Series",Labrinth,2022,121913181,71,unknown,Minor,28,26,20,19,0,30,3
Bigger Than The Whole Sky,Taylor Swift,2022,121871870,166,F-sharp,Major,42,7,24,83,1,12,6
La Loto,Anitta . Tini . Becky G,2022,121189256,90,C-sharp,Major,85,80,83,10,0,8,11
I Tried to Tell Y'all,Ugly Dray . Tesla Jnr,2022,121077868,96,B,Major,71,37,52,62,0,11,36
How Do I Make You Love Me?,The Weeknd,2022,119238316,121,G,Minor,80,62,51,2,0,9,8
Haegeum,Agust D,2023,118810253,85,G,Major,70,83,84,31,0,47,30
Take Two,BTS,2023,118482347,93,G,Major,62,57,59,3,0,38,3
Me Arrepentï¿,Ak4:20 . Cris Mj . Pailita,2022,118381354,92,unknown,Major,86,91,79,29,0,60,16
Never Felt So Alone,Labrinth,2023,117747907,98,F,Major,44,36,41,50,0,38,5
REMIX EXCLUSIVO,Feid,2023,117206995,87,F,Minor,65,71,56,4,0,15,20
Gasoline,The Weeknd,2022,116903579,123,F-sharp,Minor,74,35,73,0,0,21,5
on the street (with J. Cole),j-hope . J. Cole,2023,116599790,94,B,Minor,68,81,82,53,0,9,13
Dijeron Que No La Iba Lograr,Fuerza Regida . Chino Pacas,2023,116334601,142,G,Minor,70,76,79,26,0,11,7
Popular (with Playboi Carti & Madonna) - The Idol Vol. 1 (Music from the HBO Original Series),The Weeknd . Madonna . Playboi Carti,2023,115364561,99,C-sharp,Major,85,83,68,7,0,36,20
Poland,Lil Yachty,2022,115331792,150,F,Minor,70,26,56,14,83,11,5
For Youth,BTS,2022,114546317,117,D,Major,63,29,51,43,0,25,4
Area Codes,Kaliii . Kaliii,2023,113509496,155,C-sharp,Major,82,51,39,2,0,9,49
Privileged Rappers,Drake . 21 Savage,2022,112436403,144,F,Major,93,62,61,0,0,12,20
Tï¿½ï¿,dennis . MC Kevin o Chris,2023,111947664,130,B,Major,86,59,96,50,1,9,5
Love Language,SZA,2022,110849052,65,A,Minor,71,55,26,85,0,13,8
Raindrops (Insane) [with Travis Scott],Travis Scott . Metro Boomin,2022,110649992,112,G-sharp,Major,80,15,54,9,0,38,5
Ghost in the Machine (feat. Phoebe Bridgers),SZA . Phoebe Bridgers,2022,110073250,125,F-sharp,Major,62,59,43,84,3,11,5
Calling (Spider-Man: Across the Spider-Verse) (Metro Boomin & Swae Lee . NAV . feat. A Boogie Wit da Hoodie),Swae Lee . A Boogie Wit da Hoodie . Metro Boomin . NAV,2023,109276132,140,unknown,Major,63,22,54,46,0,12,8
Thinking with My Dick,Kevin Gates . Juicy J,2013,109091573,81,unknown,Major,77,68,70,6,0,17,20
El Cielo,Feid . Myke Towers . Sky Rompiendo,2023,107753850,106,A-sharp,Minor,72,17,64,7,0,10,5
Sugar Rush Ride,TOMORROW X TOGETHER,2023,107642809,125,A-sharp,Minor,71,83,89,1,0,17,9
City of Gods,Kanye West . Alicia Keys . Fivio Foreign,2022,107255472,147,G-sharp,Minor,47,50,80,10,0,32,38
Sigue,Ed Sheeran . J Balvin,1996,106933107,88,G,Major,89,59,64,5,0,19,7
Honest (feat. Don Toliver),Justin Bieber . Don Toliver,2022,106919680,150,G-sharp,Minor,82,82,66,13,0,11,6
Broke Boys,Drake . 21 Savage,2022,106249219,120,D,Major,64,11,53,1,0,25,27
Private Landing (feat. Justin Bieber & Future),Don Toliver . Future . Justin Bieber,2023,105062254,137,C-sharp,Minor,84,44,67,8,0,11,6
Princess Diana (with Nicki Minaj),Nicki Minaj . Ice Spice,2023,104992946,148,A,Major,90,74,68,14,0,10,19
I'm Not Here To Make Friends,Sam Smith . Calvin Harris . Jessie Reyez,2023,103787664,115,unknown,Major,70,84,90,17,0,41,6
Right On,Lil Baby,2022,101780047,166,D,Major,70,22,61,2,0,10,34
Best Friends,The Weeknd,2022,101114984,87,E,Minor,49,49,59,44,0,35,21
Seek & Destroy,SZA,2022,98709329,152,C-sharp,Major,65,35,65,44,18,21,7
"Come Back Home - From ""Purple Hearts""",Sofia Carson,2022,97610446,145,G,Major,56,43,53,24,0,12,4
Queencard,(G)I-DLE,2023,96273746,130,E,Minor,82,69,83,3,0,27,5
Double Fantasy (with Future),The Weeknd . Future,2023,96180277,119,A,Minor,60,10,57,1,0,50,3
Alone,Burna Boy,2022,96007391,90,E,Minor,61,32,67,15,0,11,5
People Pt.2 (feat. IU),IU . Agust D,2023,95816024,89,G,Minor,73,44,57,39,0,32,6
Everything I Love,Morgan Wallen,2023,95623148,104,G-sharp,Major,56,72,85,0,0,15,3
fukumean,Gunna,2023,95217315,130,C-sharp,Minor,85,22,62,12,0,28,9
What It Is (Solo Version),Doechii,2023,95131998,172,C-sharp,Minor,74,76,76,6,0,10,9
Bye,Peso Pluma,2023,95053634,122,unknown,Major,78,70,81,57,0,10,5
Residente: Bzrp Music Sessions . Vol. 49,Residente . Bizarrap,2022,94616487,71,C-sharp,Minor,59,70,74,56,0,11,40
Am I Dreaming (Metro Boomin & A$AP Rocky . Roisee),A$AP Rocky . Metro Boomin . Roisee,2023,94186466,90,A,Minor,60,13,53,4,0,21,4
Used (feat. Don Toliver),SZA . Don Toliver,2022,94005786,150,A-sharp,Minor,73,71,69,53,0,32,9
BackOutsideBoyz,Drake,2022,93367537,142,F,Minor,85,40,43,4,0,39,32
UNFORGIVEN (feat. Nile Rodgers),Nile Rodgers . LE SSERAFIM,2023,92035115,104,E,Minor,80,38,88,11,0,11,5
So Good,Halsey,2022,91781263,83,D-sharp,Minor,63,29,62,4,0,18,4
I Heard You're Married (feat. Lil Wayne),The Weeknd . Lil Wayne,2022,91656026,110,D,Major,75,85,84,10,0,31,19
My Mind & Me,Selena Gomez,2022,91473363,144,A,Major,60,24,39,57,0,8,3
Super,SEVENTEEN,2023,91221625,137,G-sharp,Major,77,35,88,16,0,17,9
VAGABUNDO,Sebastian Yatra . Manuel Turizo . Beï¿½ï,2023,90839753,127,B,Minor,82,89,85,4,0,23,6
Abcdario,Junior H . Eden Muï¿½ï,2023,89933133,129,G-sharp,Major,70,42,43,78,0,11,3
Chance,Paulo Londra,2022,89566512,138,C-sharp,Minor,72,22,46,24,0,9,6
Special,SZA,2022,88092256,76,unknown,Major,60,19,20,78,0,11,5
Annihilate (Spider-Man: Across the Spider-Verse) (Metro Boomin & Swae Lee . Lil Wayne . Offset),Swae Lee . Lil Wayne . Offset . Metro Boomin,2023,86773632,146,B,Minor,61,20,48,21,0,12,6
LADY GAGA,Gabito Ballesteros . Junior H . Peso Pluma,2023,86444842,140,F,Minor,65,87,74,22,0,42,4
Savior,Kendrick Lamar . Sam Dew . Baby Keem,2022,86176890,123,G-sharp,Major,61,66,71,53,0,32,46
Hot Shit (feat. Ye & Lil Durk),Kanye West . Lil Durk . Cardi B,2022,85924992,157,A,Major,88,52,69,0,0,8,23
California Breeze,Lil Baby,2022,85559365,162,F,Minor,74,22,67,0,0,11,46
Bye Bye,Marshmello . Juice WRLD,2022,84697729,83,D-sharp,Minor,65,24,53,6,0,51,4
I Wrote The Book,Morgan Wallen,2023,83021468,144,D,Major,68,83,81,9,0,8,4
Red Ruby Da Sleeze,Nicki Minaj,2023,81419389,98,C-sharp,Major,70,29,73,12,0,11,26
Do We Have A Problem?,Nicki Minaj . Lil Baby,2022,81350745,120,C-sharp,Minor,84,54,51,47,0,12,40
DOGTOOTH,Tyler . The Creator,2023,80758350,78,G-sharp,Major,71,80,65,51,0,22,32
Born Singer,BTS,2022,79095270,158,G-sharp,Minor,60,68,84,4,0,24,11
Rumble,Skrillex . Flowdan . Fred again..,2022,78489819,140,C-sharp,Minor,81,6,84,5,23,6,6
SABOR FRESA,Fuerza Regida,2023,78300654,130,G,Minor,79,96,86,9,0,9,9
On Time (with John Legend),John Legend . Metro Boomin,2022,78139948,80,F,Minor,33,51,59,76,0,44,6
I Know - PR1SVX Edit,Kanii . PR1ISVX,2023,77377503,134,B,Minor,67,11,76,8,47,30,7
Blessed-Cursed,ENHYPEN,2022,77337771,127,E,Minor,60,40,89,9,0,60,6
Primera Cita,Carin Leon,2022,77309611,158,A-sharp,Major,54,50,40,61,0,10,6
Shoong! (feat. LISA of BLACKPINK),TAEYANG . Lisa,2023,76910644,110,B,Minor,76,26,70,1,0,41,6
Purple Hearts,Kendrick Lamar . Ghostface Killah . Summer Walker,2022,76831876,138,D-sharp,Minor,57,71,82,19,0,15,29
Bite Me,ENHYPEN,2023,76767396,105,C-sharp,Major,80,69,78,28,0,11,14
psychofreak (feat. WILLOW),Camila Cabello . Willow,2022,75476209,180,G,Minor,63,45,64,34,0,9,8
Starry Eyes,The Weeknd,2022,74601456,86,A,Minor,28,13,41,50,0,19,3
SOS,SZA,2022,73981293,119,G,Minor,51,51,66,67,0,9,23
A Veces (feat. Feid),Feid . Paulo Londra,2022,73513683,92,C-sharp,Major,80,81,67,4,0,8,6
The Heart Part 5,Kendrick Lamar,2022,71423324,98,G-sharp,Minor,76,79,81,18,0,6,34
Con La Brisa,Ludwig Goransson . Foudeqush,2022,71095708,114,D,Minor,62,25,44,51,33,14,3
The Rumbling (TV Size),SiM,2022,71014967,145,G-sharp,Major,41,65,88,0,0,26,5
Obsessed,Abhijay Sharma . Riar Saab,2022,71007139,135,F,Minor,80,85,74,62,0,8,9
Self Love (Spider-Man: Across the Spider-Verse) (Metro Boomin & Coi Leray),Metro Boomin . Coi Leray,2023,70106975,120,A,Major,78,5,30,21,0,13,5
Lovezinho,Treyce,2022,70069745,128,E,Minor,82,61,59,30,0,12,4
We Cry Together,Kendrick Lamar . Taylour Paige,2022,68895644,108,B,Major,65,52,69,31,0,8,36
Hits Different,Taylor Swift,2023,68616963,106,F,Major,67,24,78,15,0,30,4
Peaches (from The Super Mario Bros. Movie),Jack Black,2023,68216992,92,A-sharp,Minor,71,41,31,79,0,10,5
F2F,SZA,2022,67540165,90,D,Major,53,47,74,9,0,34,4
VOID,Melanie Martinez,2023,67070410,100,A,Major,72,42,66,18,4,19,4
Rauw Alejandro: Bzrp Music Sessions . Vol. 56,Rauw Alejandro . Bizarrap,2023,66902503,128,B,Major,78,59,65,10,0,26,5
SloMo,Chanel,2021,65719930,105,C-sharp,Minor,73,59,81,13,0,9,6
S-Class,Stray Kids,2023,65496046,105,F,Minor,89,67,78,9,0,7,33
Gone Girl,SZA,2022,65362788,150,F,Major,43,42,44,57,0,15,6
Barbie World (with Aqua) [From Barbie The Album],Nicki Minaj . Aqua . Ice Spice,2023,65156199,144,unknown,Major,77,75,58,52,0,23,25
Gospel (with Eminem),Eminem . Dr. Dre,2022,64787943,117,C-sharp,Major,92,62,86,11,0,24,24
Bussin,Nicki Minaj . Lil Baby,2022,64714573,140,B,Major,89,75,70,6,0,13,5
"Phir Aur Kya Chahiye (From ""Zara Hatke Zara Bachke"")",Arijit Singh . Sachin-Jigar . Amitabha Bhattacharya,2023,64533040,100,E,Major,56,53,55,53,0,12,4
Notice Me,SZA,2022,62019074,160,F,Major,72,78,68,28,0,11,12
Worldwide Steppers,Kendrick Lamar,2022,61739839,72,A-sharp,Minor,56,56,47,76,0,8,36
MOJABI GHOST,Tainy . Bad Bunny,2023,61245289,122,F-sharp,Minor,81,74,71,14,0,56,4
Mami Chula,Quevedo . Jhayco,2023,61105704,120,G,Minor,80,33,70,22,0,9,4
thought i was playing,21 Savage . Gunna,2022,60680939,148,C-sharp,Major,68,29,73,0,0,7,7
Snow On The Beach (feat. More Lana Del Rey),Lana Del Rey . Taylor Swift,2023,60350538,110,F-sharp,Minor,66,32,40,81,0,11,3
Man Made A Bar (feat. Eric Church),Morgan Wallen . Eric Church,2023,58890931,148,E,Major,50,49,76,12,0,12,3
Mr. Morale,Kendrick Lamar . Tanna Leone,2022,58687425,174,A,Major,73,26,54,30,0,34,32
SORRY NOT SORRY,Tyler . The Creator,2023,58473276,96,F-sharp,Minor,48,50,80,40,0,37,20
Super Shy,NewJeans,2023,58255150,150,F,Minor,78,52,82,18,0,15,7
Columbia,Quevedo,2023,58149378,100,F,Major,67,26,71,37,0,11,4
MONTAGEM - FR PUNK,Ayparia . unxbected,2012,58054811,129,A,Major,63,84,82,70,8,9,7
69,Nicky Jam . Feid,2023,57945987,93,G-sharp,Major,79,58,62,11,0,11,23
(It Goes Like) Nanana - Edit,Peggy Gou,2023,57876440,130,G,Minor,67,96,88,12,19,8,4
POLARIS - Remix,Feid . Mora . Saiko . Quevedo,2023,57312735,170,G-sharp,Minor,62,55,80,15,0,37,7
Smoking on my Ex Pack,SZA,2022,57144458,81,G-sharp,Major,47,33,68,24,0,22,38
AMERICA HAS A PROBLEM (feat. Kendrick Lamar),Kendrick Lamar . Beyoncï¿,2023,57089066,126,C-sharp,Major,78,20,70,1,0,16,4
Conceited,SZA,2022,56870689,150,C-sharp,Major,79,77,46,5,0,11,7
LUNA,Junior H . Peso Pluma,2023,55842345,128,A,Minor,75,79,63,33,0,15,4
25k jacket (feat. Lil Baby),Gunna . Lil Baby,2022,54937991,115,F,Minor,90,74,54,16,0,13,28
SPACE MAN,Sam Ryder,2022,54682594,80,B,Major,47,33,83,18,0,10,5
BABY HELLO,Rauw Alejandro . Bizarrap,2023,54266102,130,C-sharp,Minor,77,84,89,17,0,43,5
"Tere Vaaste (From ""Zara Hatke Zara Bachke"")",Sachin-Jigar . Shadab Faridi . Altamash Faridi . Amitabh Bhattacharya . Varun Jain,2023,54225632,110,G,Minor,76,96,72,32,0,9,4
Lady Mi Amor,Feid,2022,53987404,93,D,Major,78,75,62,6,0,15,6
Dawn FM,The Weeknd,2022,53933526,78,A,Minor,27,10,49,62,0,49,5
Still Life,BIGBANG,2022,53909146,118,G-sharp,Major,68,24,58,44,0,6,3
Stefania (Kalush Orchestra),KALUSH,2022,53729194,105,D,Major,83,32,82,14,0,12,4
Mirror,Kendrick Lamar,2022,53603447,92,E,Minor,66,29,65,23,0,8,7
HAPPY,NF,2023,52722996,106,G,Major,73,22,86,31,0,12,4
TULUM,Peso Pluma . Grupo Frontera,2023,52294266,168,F-sharp,Major,56,63,87,39,0,11,5
Lilith (feat. SUGA of BTS) (Diablo IV Anthem),Halsey . Suga,2023,51985779,84,A,Minor,43,14,74,1,0,19,8
Far,SZA,2022,51641685,116,D,Major,61,48,55,67,0,16,8
Mejor Que Yo,Mambo Kingz . DJ Luian . Anuel Aa,2023,50847624,178,C-sharp,Minor,62,56,66,18,0,12,5
Worst Day,Future,2022,50746620,89,C-sharp,Major,65,60,60,11,0,10,40
Too Late,SZA,2022,49262961,128,B,Major,45,35,68,78,0,39,8
Cheques,Shubh,2023,47956378,90,E,Minor,74,36,63,26,0,27,5
XQ Te Pones Asï¿,Yandel . Feid,2022,47093942,92,A-sharp,Major,81,48,70,13,0,15,7
Karma (feat. Ice Spice),Taylor Swift . Ice Spice,2023,46142772,90,G-sharp,Major,62,7,62,6,0,58,6
Stand By Me (feat. Morgan Wallen),Lil Durk . Morgan Wallen,2023,46065667,134,B,Major,76,61,58,6,0,16,3
Crown,Kendrick Lamar,2022,42485571,170,C-sharp,Minor,37,14,24,80,0,11,4
A Tale By Quincy,The Weeknd,2022,41924466,94,F,Minor,46,55,50,71,0,10,11
Rich - Interlude,Kendrick Lamar,2022,41210087,104,G,Major,44,74,42,88,0,9,9
Curtains,Ed Sheeran,2023,39893489,176,F-sharp,Minor,50,44,76,10,0,32,5
Hummingbird (Metro Boomin & James Blake),James Blake . Metro Boomin,2023,39666245,81,F-sharp,Major,59,26,60,46,1,25,13
Enchanted (Taylor's Version),Taylor Swift,2023,39578178,82,G-sharp,Major,51,22,53,1,0,15,3
Back To December (Taylor's Version),Taylor Swift,2023,39228929,142,D,Major,50,20,64,1,0,12,3
Still With You,Jung Kook,2020,38411956,88,C-sharp,Minor,53,34,47,9,0,83,4
Auntie Diaries,Kendrick Lamar,2022,37778188,78,G,Major,43,60,38,76,1,48,38
Every Angel is Terrifying,The Weeknd,2022,37307967,118,unknown,Major,44,52,94,11,0,4,29
All The Way Live (Spider-Man: Across the Spider-Verse) (Metro Boomin & Future . Lil Uzi Vert),Future . Lil Uzi Vert . Metro Boomin,2023,37126685,135,A,Minor,77,28,55,18,0,22,15
Savior - Interlude,Kendrick Lamar,2022,37091576,118,F,Minor,66,83,43,84,0,19,19
Mine (Taylor's Version),Taylor Swift,2023,36912123,121,G,Major,65,49,78,0,0,17,4
Don't ever say love me (feat. RM of BTS),RM . Colde,2023,34502215,145,B,Minor,54,19,48,36,0,37,5
Born With A Beer In My Hand,Morgan Wallen,2023,34450974,148,unknown,Major,53,61,81,5,0,36,4
Mother I Sober (feat. Beth Gibbons of Portishead),Kendrick Lamar . Beth Gibbons,2022,33381454,140,G-sharp,Minor,49,50,37,87,0,11,35
Link Up (Metro Boomin & Don Toliver . Wizkid feat. BEAM & Toian) - Spider-Verse Remix (Spider-Man: Across the Spider-Verse ),WizKid . Toian . Metro Boomin . Don Toliver . Beam,2023,32761689,101,F,Major,92,59,51,41,51,26,8
Phantom Regret by Jim,The Weeknd,2022,31959571,108,A,Minor,46,23,48,75,30,14,4
Mi Bello Angel,Natanael Cano,2023,31873544,128,A,Minor,81,90,77,1,0,9,5
"What Was I Made For? [From The Motion Picture ""Barbie""]",Billie Eilish,2023,30546883,78,unknown,Major,44,14,9,96,0,10,3
Better Than Revenge (Taylor's Version),Taylor Swift,2023,30343206,146,B,Minor,50,67,89,0,0,19,8
New Jeans,NewJeans,2023,29562220,134,E,Minor,81,53,72,51,0,12,5
Danger (Spider) (Offset & JID),Offset . JID,2023,24975653,143,B,Major,83,25,69,4,0,23,12
Rush,Troye Sivan,2023,22581161,126,F,Minor,74,35,84,0,0,11,6
S91,Karol G,2023,16011326,128,unknown,Minor,86,42,72,59,0,9,19
Overdrive,Post Malone,2023,14780425,140,C-sharp,Major,56,48,73,0,0,35,4
Gol Bolinha . Gol Quadrado 2,Mc Pedrinho . DJ 900,2023,11956641,133,B,Minor,93,68,65,42,0,12,25
QUEMA,Sog . Ryan Castro . Peso Pluma,2023,11599388,97,unknown,Major,79,92,89,5,0,6,5
Jhoome Jo Pathaan,Arijit Singh . Vishal Dadlani . Sukriti Kakar . Vishal-Shekhar . Shekhar Ravjiani . Kumaar,2022,1365184,105,G,Major,82,62,74,10,0,33,7
Que Vuelvas,Carin Leon . Grupo Frontera,2022,2762,162,A-sharp,Major,49,78,64,19,0,11,4
